[0.000000] (-) TimerEvent: {}
[0.000694] (bme_gazebo_sensors1) JobQueued: {'identifier': 'bme_gazebo_sensors1', 'dependencies': OrderedDict()}
[0.000795] (custom_message) JobQueued: {'identifier': 'custom_message', 'dependencies': OrderedDict()}
[0.000852] (assignment2_rt) JobQueued: {'identifier': 'assignment2_rt', 'dependencies': OrderedDict({'custom_message': '/home/ubuntu/ws/src/install/custom_message'})}
[0.000909] (custom_message) JobStarted: {'identifier': 'custom_message'}
[0.020819] (bme_gazebo_sensors1) JobStarted: {'identifier': 'bme_gazebo_sensors1'}
[0.024266] (custom_message) JobProgress: {'identifier': 'custom_message', 'progress': 'cmake'}
[0.025634] (custom_message) Command: {'cmd': ['/usr/bin/cmake', '/home/ubuntu/ws/src/custom_message', '-DCMAKE_INSTALL_PREFIX=/home/ubuntu/ws/src/install/custom_message'], 'cwd': '/home/ubuntu/ws/src/build/custom_message', 'env': OrderedDict({'GZ_SIM_RESOURCE_PATH': '/home/ubuntu/gazebo_models', 'GZ_CONFIG_PATH': '/opt/ros/jazzy/opt/gz_launch_vendor/share/gz:/opt/ros/jazzy/opt/gz_sim_vendor/share/gz:/opt/ros/jazzy/opt/sdformat_vendor/share/gz:/opt/ros/jazzy/opt/gz_gui_vendor/share/gz:/opt/ros/jazzy/opt/gz_transport_vendor/share/gz:/opt/ros/jazzy/opt/gz_rendering_vendor/share/gz:/opt/ros/jazzy/opt/gz_plugin_vendor/share/gz:/opt/ros/jazzy/opt/gz_fuel_tools_vendor/share/gz:/opt/ros/jazzy/opt/gz_msgs_vendor/share/gz:/opt/ros/jazzy/opt/gz_common_vendor/share/gz', 'HOSTNAME': 'docker-desktop', 'GIT_ASKPASS': '/root/.vscode-server/bin/94e8ae2b28cb5cc932b86e1070569c4463565c37/extensions/git/dist/askpass.sh', 'SHLVL': '2', 'LD_LIBRARY_PATH': '/opt/ros/jazzy/opt/gz_launch_vendor/lib:/opt/ros/jazzy/opt/gz_sim_vendor/lib:/opt/ros/jazzy/opt/gz_sensors_vendor/lib:/opt/ros/jazzy/opt/gz_physics_vendor/lib:/opt/ros/jazzy/opt/sdformat_vendor/lib:/opt/ros/jazzy/opt/rviz_ogre_vendor/lib:/opt/ros/jazzy/lib/x86_64-linux-gnu:/opt/ros/jazzy/opt/gz_gui_vendor/lib:/opt/ros/jazzy/opt/gz_transport_vendor/lib:/opt/ros/jazzy/opt/gz_rendering_vendor/lib:/opt/ros/jazzy/opt/gz_plugin_vendor/lib:/opt/ros/jazzy/opt/gz_fuel_tools_vendor/lib:/opt/ros/jazzy/opt/gz_msgs_vendor/lib:/opt/ros/jazzy/opt/gz_common_vendor/lib:/opt/ros/jazzy/opt/gz_math_vendor/lib:/opt/ros/jazzy/opt/gz_utils_vendor/lib:/opt/ros/jazzy/opt/gz_tools_vendor/lib:/opt/ros/jazzy/opt/gz_ogre_next_vendor/lib:/opt/ros/jazzy/opt/gz_dartsim_vendor/lib:/opt/ros/jazzy/opt/gz_cmake_vendor/lib:/opt/ros/jazzy/lib', 'BROWSER': '/root/.vscode-server/bin/94e8ae2b28cb5cc932b86e1070569c4463565c37/bin/helpers/browser.sh', 'HOME': '/root', 'OLDPWD': '/home/ubuntu/ws', 'TERM_PROGRAM_VERSION': '1.108.0', 'VSCODE_IPC_HOOK_CLI': '/tmp/vscode-ipc-44e8f9ff-a371-4e2d-8446-1a5594ba9099.sock', 'ROS_PYTHON_VERSION': '3', 'VSCODE_GIT_ASKPASS_MAIN': '/root/.vscode-server/bin/94e8ae2b28cb5cc932b86e1070569c4463565c37/extensions/git/dist/askpass-main.js', 'VSCODE_GIT_ASKPASS_NODE': '/root/.vscode-server/bin/94e8ae2b28cb5cc932b86e1070569c4463565c37/node', 'VSCODE_PYTHON_AUTOACTIVATE_GUARD': '1', 'COLORTERM': 'truecolor', 'REMOTE_CONTAINERS': 'true', 'ROS_DISTRO': 'jazzy', 'REMOTE_CONTAINERS_IPC': '/tmp/vscode-remote-containers-ipc-01e824b0-18fa-4b10-b8e9-9248ae707c49.sock', '_': '/usr/bin/colcon', 'ROS_VERSION': '2', 'TERM': 'xterm-256color', 'PATH': '/root/.vscode-server/data/User/globalStorage/github.copilot-chat/debugCommand:/root/.vscode-server/data/User/globalStorage/github.copilot-chat/copilotCli:/root/.vscode-server/bin/94e8ae2b28cb5cc932b86e1070569c4463565c37/bin/remote-cli:/opt/ros/jazzy/opt/gz_msgs_vendor/bin:/opt/ros/jazzy/opt/gz_tools_vendor/bin:/opt/ros/jazzy/opt/gz_ogre_next_vendor/bin:/opt/ros/jazzy/bin:/usr/local/sbin:/usr/local/bin:/usr/sbin:/usr/bin:/sbin:/bin:/snap/bin', 'REMOTE_CONTAINERS_SOCKETS': '[]', 'DISPLAY': 'host.docker.internal:0.0', 'LANG': 'C.UTF-8', 'LS_COLORS': 'rs=0:di=01;34:ln=01;36:mh=00:pi=40;33:so=01;35:do=01;35:bd=40;33;01:cd=40;33;01:or=40;31;01:mi=00:su=37;41:sg=30;43:ca=00:tw=30;42:ow=34;42:st=37;44:ex=01;32:*.tar=01;31:*.tgz=01;31:*.arc=01;31:*.arj=01;31:*.taz=01;31:*.lha=01;31:*.lz4=01;31:*.lzh=01;31:*.lzma=01;31:*.tlz=01;31:*.txz=01;31:*.tzo=01;31:*.t7z=01;31:*.zip=01;31:*.z=01;31:*.dz=01;31:*.gz=01;31:*.lrz=01;31:*.lz=01;31:*.lzo=01;31:*.xz=01;31:*.zst=01;31:*.tzst=01;31:*.bz2=01;31:*.bz=01;31:*.tbz=01;31:*.tbz2=01;31:*.tz=01;31:*.deb=01;31:*.rpm=01;31:*.jar=01;31:*.war=01;31:*.ear=01;31:*.sar=01;31:*.rar=01;31:*.alz=01;31:*.ace=01;31:*.zoo=01;31:*.cpio=01;31:*.7z=01;31:*.rz=01;31:*.cab=01;31:*.wim=01;31:*.swm=01;31:*.dwm=01;31:*.esd=01;31:*.avif=01;35:*.jpg=01;35:*.jpeg=01;35:*.mjpg=01;35:*.mjpeg=01;35:*.gif=01;35:*.bmp=01;35:*.pbm=01;35:*.pgm=01;35:*.ppm=01;35:*.tga=01;35:*.xbm=01;35:*.xpm=01;35:*.tif=01;35:*.tiff=01;35:*.png=01;35:*.svg=01;35:*.svgz=01;35:*.mng=01;35:*.pcx=01;35:*.mov=01;35:*.mpg=01;35:*.mpeg=01;35:*.m2v=01;35:*.mkv=01;35:*.webm=01;35:*.webp=01;35:*.ogm=01;35:*.mp4=01;35:*.m4v=01;35:*.mp4v=01;35:*.vob=01;35:*.qt=01;35:*.nuv=01;35:*.wmv=01;35:*.asf=01;35:*.rm=01;35:*.rmvb=01;35:*.flc=01;35:*.avi=01;35:*.fli=01;35:*.flv=01;35:*.gl=01;35:*.dl=01;35:*.xcf=01;35:*.xwd=01;35:*.yuv=01;35:*.cgm=01;35:*.emf=01;35:*.ogv=01;35:*.ogx=01;35:*.aac=00;36:*.au=00;36:*.flac=00;36:*.m4a=00;36:*.mid=00;36:*.midi=00;36:*.mka=00;36:*.mp3=00;36:*.mpc=00;36:*.ogg=00;36:*.ra=00;36:*.wav=00;36:*.oga=00;36:*.opus=00;36:*.spx=00;36:*.xspf=00;36:*~=00;90:*#=00;90:*.bak=00;90:*.crdownload=00;90:*.dpkg-dist=00;90:*.dpkg-new=00;90:*.dpkg-old=00;90:*.dpkg-tmp=00;90:*.old=00;90:*.orig=00;90:*.part=00;90:*.rej=00;90:*.rpmnew=00;90:*.rpmorig=00;90:*.rpmsave=00;90:*.swp=00;90:*.tmp=00;90:*.ucf-dist=00;90:*.ucf-new=00;90:*.ucf-old=00;90:', 'VSCODE_GIT_IPC_HANDLE': '/tmp/vscode-git-e3b1ede713.sock', 'TERM_PROGRAM': 'vscode', 'AMENT_PREFIX_PATH': '/opt/ros/jazzy', 'SHELL': '/bin/bash', 'ROS_AUTOMATIC_DISCOVERY_RANGE': 'SUBNET', 'VSCODE_GIT_ASKPASS_EXTRA_ARGS': '', 'PWD': '/home/ubuntu/ws/src/build/custom_message', 'LC_ALL': 'C.UTF-8', 'XDG_DATA_DIRS': '/usr/local/share:/usr/share:/var/lib/snapd/desktop', 'PYTHONPATH': '/opt/ros/jazzy/lib/python3.12/site-packages', 'COLCON': '1', 'CMAKE_PREFIX_PATH': '/opt/ros/jazzy/opt/gz_launch_vendor:/opt/ros/jazzy/opt/gz_sim_vendor:/opt/ros/jazzy/opt/gz_sensors_vendor:/opt/ros/jazzy/opt/gz_physics_vendor:/opt/ros/jazzy/opt/sdformat_vendor:/opt/ros/jazzy/opt/gz_gui_vendor:/opt/ros/jazzy/opt/gz_transport_vendor:/opt/ros/jazzy/opt/gz_rendering_vendor:/opt/ros/jazzy/opt/gz_plugin_vendor:/opt/ros/jazzy/opt/gz_fuel_tools_vendor:/opt/ros/jazzy/opt/gz_msgs_vendor:/opt/ros/jazzy/opt/gz_common_vendor:/opt/ros/jazzy/opt/gz_math_vendor:/opt/ros/jazzy/opt/gz_utils_vendor:/opt/ros/jazzy/opt/gz_tools_vendor:/opt/ros/jazzy/opt/gz_ogre_next_vendor:/opt/ros/jazzy/opt/gz_dartsim_vendor:/opt/ros/jazzy/opt/gz_cmake_vendor:/opt/ros/jazzy'}), 'shell': False}
[0.030849] (bme_gazebo_sensors1) JobProgress: {'identifier': 'bme_gazebo_sensors1', 'progress': 'cmake'}
[0.032438] (bme_gazebo_sensors1) Command: {'cmd': ['/usr/bin/cmake', '/home/ubuntu/ws/src/bme_gazebo_sensors1', '-DCMAKE_INSTALL_PREFIX=/home/ubuntu/ws/src/install/bme_gazebo_sensors1'], 'cwd': '/home/ubuntu/ws/src/build/bme_gazebo_sensors1', 'env': OrderedDict({'GZ_SIM_RESOURCE_PATH': '/home/ubuntu/gazebo_models', 'GZ_CONFIG_PATH': '/opt/ros/jazzy/opt/gz_launch_vendor/share/gz:/opt/ros/jazzy/opt/gz_sim_vendor/share/gz:/opt/ros/jazzy/opt/sdformat_vendor/share/gz:/opt/ros/jazzy/opt/gz_gui_vendor/share/gz:/opt/ros/jazzy/opt/gz_transport_vendor/share/gz:/opt/ros/jazzy/opt/gz_rendering_vendor/share/gz:/opt/ros/jazzy/opt/gz_plugin_vendor/share/gz:/opt/ros/jazzy/opt/gz_fuel_tools_vendor/share/gz:/opt/ros/jazzy/opt/gz_msgs_vendor/share/gz:/opt/ros/jazzy/opt/gz_common_vendor/share/gz', 'HOSTNAME': 'docker-desktop', 'GIT_ASKPASS': '/root/.vscode-server/bin/94e8ae2b28cb5cc932b86e1070569c4463565c37/extensions/git/dist/askpass.sh', 'SHLVL': '2', 'LD_LIBRARY_PATH': '/opt/ros/jazzy/opt/gz_launch_vendor/lib:/opt/ros/jazzy/opt/gz_sim_vendor/lib:/opt/ros/jazzy/opt/gz_sensors_vendor/lib:/opt/ros/jazzy/opt/gz_physics_vendor/lib:/opt/ros/jazzy/opt/sdformat_vendor/lib:/opt/ros/jazzy/opt/rviz_ogre_vendor/lib:/opt/ros/jazzy/lib/x86_64-linux-gnu:/opt/ros/jazzy/opt/gz_gui_vendor/lib:/opt/ros/jazzy/opt/gz_transport_vendor/lib:/opt/ros/jazzy/opt/gz_rendering_vendor/lib:/opt/ros/jazzy/opt/gz_plugin_vendor/lib:/opt/ros/jazzy/opt/gz_fuel_tools_vendor/lib:/opt/ros/jazzy/opt/gz_msgs_vendor/lib:/opt/ros/jazzy/opt/gz_common_vendor/lib:/opt/ros/jazzy/opt/gz_math_vendor/lib:/opt/ros/jazzy/opt/gz_utils_vendor/lib:/opt/ros/jazzy/opt/gz_tools_vendor/lib:/opt/ros/jazzy/opt/gz_ogre_next_vendor/lib:/opt/ros/jazzy/opt/gz_dartsim_vendor/lib:/opt/ros/jazzy/opt/gz_cmake_vendor/lib:/opt/ros/jazzy/lib', 'BROWSER': '/root/.vscode-server/bin/94e8ae2b28cb5cc932b86e1070569c4463565c37/bin/helpers/browser.sh', 'HOME': '/root', 'OLDPWD': '/home/ubuntu/ws', 'TERM_PROGRAM_VERSION': '1.108.0', 'VSCODE_IPC_HOOK_CLI': '/tmp/vscode-ipc-44e8f9ff-a371-4e2d-8446-1a5594ba9099.sock', 'ROS_PYTHON_VERSION': '3', 'VSCODE_GIT_ASKPASS_MAIN': '/root/.vscode-server/bin/94e8ae2b28cb5cc932b86e1070569c4463565c37/extensions/git/dist/askpass-main.js', 'VSCODE_GIT_ASKPASS_NODE': '/root/.vscode-server/bin/94e8ae2b28cb5cc932b86e1070569c4463565c37/node', 'VSCODE_PYTHON_AUTOACTIVATE_GUARD': '1', 'COLORTERM': 'truecolor', 'REMOTE_CONTAINERS': 'true', 'ROS_DISTRO': 'jazzy', 'REMOTE_CONTAINERS_IPC': '/tmp/vscode-remote-containers-ipc-01e824b0-18fa-4b10-b8e9-9248ae707c49.sock', '_': '/usr/bin/colcon', 'ROS_VERSION': '2', 'TERM': 'xterm-256color', 'PATH': '/root/.vscode-server/data/User/globalStorage/github.copilot-chat/debugCommand:/root/.vscode-server/data/User/globalStorage/github.copilot-chat/copilotCli:/root/.vscode-server/bin/94e8ae2b28cb5cc932b86e1070569c4463565c37/bin/remote-cli:/opt/ros/jazzy/opt/gz_msgs_vendor/bin:/opt/ros/jazzy/opt/gz_tools_vendor/bin:/opt/ros/jazzy/opt/gz_ogre_next_vendor/bin:/opt/ros/jazzy/bin:/usr/local/sbin:/usr/local/bin:/usr/sbin:/usr/bin:/sbin:/bin:/snap/bin', 'REMOTE_CONTAINERS_SOCKETS': '[]', 'DISPLAY': 'host.docker.internal:0.0', 'LANG': 'C.UTF-8', 'LS_COLORS': 'rs=0:di=01;34:ln=01;36:mh=00:pi=40;33:so=01;35:do=01;35:bd=40;33;01:cd=40;33;01:or=40;31;01:mi=00:su=37;41:sg=30;43:ca=00:tw=30;42:ow=34;42:st=37;44:ex=01;32:*.tar=01;31:*.tgz=01;31:*.arc=01;31:*.arj=01;31:*.taz=01;31:*.lha=01;31:*.lz4=01;31:*.lzh=01;31:*.lzma=01;31:*.tlz=01;31:*.txz=01;31:*.tzo=01;31:*.t7z=01;31:*.zip=01;31:*.z=01;31:*.dz=01;31:*.gz=01;31:*.lrz=01;31:*.lz=01;31:*.lzo=01;31:*.xz=01;31:*.zst=01;31:*.tzst=01;31:*.bz2=01;31:*.bz=01;31:*.tbz=01;31:*.tbz2=01;31:*.tz=01;31:*.deb=01;31:*.rpm=01;31:*.jar=01;31:*.war=01;31:*.ear=01;31:*.sar=01;31:*.rar=01;31:*.alz=01;31:*.ace=01;31:*.zoo=01;31:*.cpio=01;31:*.7z=01;31:*.rz=01;31:*.cab=01;31:*.wim=01;31:*.swm=01;31:*.dwm=01;31:*.esd=01;31:*.avif=01;35:*.jpg=01;35:*.jpeg=01;35:*.mjpg=01;35:*.mjpeg=01;35:*.gif=01;35:*.bmp=01;35:*.pbm=01;35:*.pgm=01;35:*.ppm=01;35:*.tga=01;35:*.xbm=01;35:*.xpm=01;35:*.tif=01;35:*.tiff=01;35:*.png=01;35:*.svg=01;35:*.svgz=01;35:*.mng=01;35:*.pcx=01;35:*.mov=01;35:*.mpg=01;35:*.mpeg=01;35:*.m2v=01;35:*.mkv=01;35:*.webm=01;35:*.webp=01;35:*.ogm=01;35:*.mp4=01;35:*.m4v=01;35:*.mp4v=01;35:*.vob=01;35:*.qt=01;35:*.nuv=01;35:*.wmv=01;35:*.asf=01;35:*.rm=01;35:*.rmvb=01;35:*.flc=01;35:*.avi=01;35:*.fli=01;35:*.flv=01;35:*.gl=01;35:*.dl=01;35:*.xcf=01;35:*.xwd=01;35:*.yuv=01;35:*.cgm=01;35:*.emf=01;35:*.ogv=01;35:*.ogx=01;35:*.aac=00;36:*.au=00;36:*.flac=00;36:*.m4a=00;36:*.mid=00;36:*.midi=00;36:*.mka=00;36:*.mp3=00;36:*.mpc=00;36:*.ogg=00;36:*.ra=00;36:*.wav=00;36:*.oga=00;36:*.opus=00;36:*.spx=00;36:*.xspf=00;36:*~=00;90:*#=00;90:*.bak=00;90:*.crdownload=00;90:*.dpkg-dist=00;90:*.dpkg-new=00;90:*.dpkg-old=00;90:*.dpkg-tmp=00;90:*.old=00;90:*.orig=00;90:*.part=00;90:*.rej=00;90:*.rpmnew=00;90:*.rpmorig=00;90:*.rpmsave=00;90:*.swp=00;90:*.tmp=00;90:*.ucf-dist=00;90:*.ucf-new=00;90:*.ucf-old=00;90:', 'VSCODE_GIT_IPC_HANDLE': '/tmp/vscode-git-e3b1ede713.sock', 'TERM_PROGRAM': 'vscode', 'AMENT_PREFIX_PATH': '/opt/ros/jazzy', 'SHELL': '/bin/bash', 'ROS_AUTOMATIC_DISCOVERY_RANGE': 'SUBNET', 'VSCODE_GIT_ASKPASS_EXTRA_ARGS': '', 'PWD': '/home/ubuntu/ws/src/build/bme_gazebo_sensors1', 'LC_ALL': 'C.UTF-8', 'XDG_DATA_DIRS': '/usr/local/share:/usr/share:/var/lib/snapd/desktop', 'PYTHONPATH': '/opt/ros/jazzy/lib/python3.12/site-packages', 'COLCON': '1', 'CMAKE_PREFIX_PATH': '/opt/ros/jazzy/opt/gz_launch_vendor:/opt/ros/jazzy/opt/gz_sim_vendor:/opt/ros/jazzy/opt/gz_sensors_vendor:/opt/ros/jazzy/opt/gz_physics_vendor:/opt/ros/jazzy/opt/sdformat_vendor:/opt/ros/jazzy/opt/gz_gui_vendor:/opt/ros/jazzy/opt/gz_transport_vendor:/opt/ros/jazzy/opt/gz_rendering_vendor:/opt/ros/jazzy/opt/gz_plugin_vendor:/opt/ros/jazzy/opt/gz_fuel_tools_vendor:/opt/ros/jazzy/opt/gz_msgs_vendor:/opt/ros/jazzy/opt/gz_common_vendor:/opt/ros/jazzy/opt/gz_math_vendor:/opt/ros/jazzy/opt/gz_utils_vendor:/opt/ros/jazzy/opt/gz_tools_vendor:/opt/ros/jazzy/opt/gz_ogre_next_vendor:/opt/ros/jazzy/opt/gz_dartsim_vendor:/opt/ros/jazzy/opt/gz_cmake_vendor:/opt/ros/jazzy'}), 'shell': False}
[0.099836] (-) TimerEvent: {}
[0.200157] (-) TimerEvent: {}
[0.218003] (bme_gazebo_sensors1) StdoutLine: {'line': b'-- The C compiler identification is GNU 13.3.0\n'}
[0.218287] (custom_message) StdoutLine: {'line': b'-- The C compiler identification is GNU 13.3.0\n'}
[0.300306] (-) TimerEvent: {}
[0.317039] (custom_message) StdoutLine: {'line': b'-- The CXX compiler identification is GNU 13.3.0\n'}
[0.317419] (bme_gazebo_sensors1) StdoutLine: {'line': b'-- The CXX compiler identification is GNU 13.3.0\n'}
[0.339516] (custom_message) StdoutLine: {'line': b'-- Detecting C compiler ABI info\n'}
[0.339722] (bme_gazebo_sensors1) StdoutLine: {'line': b'-- Detecting C compiler ABI info\n'}
[0.400474] (-) TimerEvent: {}
[0.427709] (custom_message) StdoutLine: {'line': b'-- Detecting C compiler ABI info - done\n'}
[0.427923] (bme_gazebo_sensors1) StdoutLine: {'line': b'-- Detecting C compiler ABI info - done\n'}
[0.433714] (bme_gazebo_sensors1) StdoutLine: {'line': b'-- Check for working C compiler: /usr/bin/cc - skipped\n'}
[0.434984] (bme_gazebo_sensors1) StdoutLine: {'line': b'-- Detecting C compile features\n'}
[0.435105] (custom_message) StdoutLine: {'line': b'-- Check for working C compiler: /usr/bin/cc - skipped\n'}
[0.435261] (custom_message) StdoutLine: {'line': b'-- Detecting C compile features\n'}
[0.435516] (custom_message) StdoutLine: {'line': b'-- Detecting C compile features - done\n'}
[0.435594] (bme_gazebo_sensors1) StdoutLine: {'line': b'-- Detecting C compile features - done\n'}
[0.443834] (custom_message) StdoutLine: {'line': b'-- Detecting CXX compiler ABI info\n'}
[0.444154] (bme_gazebo_sensors1) StdoutLine: {'line': b'-- Detecting CXX compiler ABI info\n'}
[0.500603] (-) TimerEvent: {}
[0.523065] (custom_message) StdoutLine: {'line': b'-- Detecting CXX compiler ABI info - done\n'}
[0.526812] (bme_gazebo_sensors1) StdoutLine: {'line': b'-- Detecting CXX compiler ABI info - done\n'}
[0.529592] (custom_message) StdoutLine: {'line': b'-- Check for working CXX compiler: /usr/bin/c++ - skipped\n'}
[0.529878] (custom_message) StdoutLine: {'line': b'-- Detecting CXX compile features\n'}
[0.530056] (custom_message) StdoutLine: {'line': b'-- Detecting CXX compile features - done\n'}
[0.532762] (bme_gazebo_sensors1) StdoutLine: {'line': b'-- Check for working CXX compiler: /usr/bin/c++ - skipped\n'}
[0.533125] (bme_gazebo_sensors1) StdoutLine: {'line': b'-- Detecting CXX compile features\n'}
[0.533566] (bme_gazebo_sensors1) StdoutLine: {'line': b'-- Detecting CXX compile features - done\n'}
[0.566801] (bme_gazebo_sensors1) StdoutLine: {'line': b'-- Found ament_cmake: 2.5.4 (/opt/ros/jazzy/share/ament_cmake/cmake)\n'}
[0.566966] (custom_message) StdoutLine: {'line': b'-- Found ament_cmake: 2.5.4 (/opt/ros/jazzy/share/ament_cmake/cmake)\n'}
[0.600796] (-) TimerEvent: {}
[0.689460] (bme_gazebo_sensors1) StdoutLine: {'line': b'-- Found Python3: /usr/bin/python3 (found version "3.12.3") found components: Interpreter \n'}
[0.690871] (custom_message) StdoutLine: {'line': b'-- Found Python3: /usr/bin/python3 (found version "3.12.3") found components: Interpreter \n'}
[0.700909] (-) TimerEvent: {}
[0.801233] (-) TimerEvent: {}
[0.835803] (custom_message) StdoutLine: {'line': b'-- Found rosidl_default_generators: 1.6.0 (/opt/ros/jazzy/share/rosidl_default_generators/cmake)\n'}
[0.835969] (bme_gazebo_sensors1) StdoutLine: {'line': b'-- Found ament_lint_auto: 0.17.3 (/opt/ros/jazzy/share/ament_lint_auto/cmake)\n'}
[0.847530] (custom_message) StdoutLine: {'line': b'-- Using all available rosidl_typesupport_c: rosidl_typesupport_fastrtps_c;rosidl_typesupport_introspection_c\n'}
[0.901361] (-) TimerEvent: {}
[0.936626] (bme_gazebo_sensors1) StdoutLine: {'line': b"-- Added test 'flake8' to check Python code syntax and style conventions\n"}
[0.936806] (bme_gazebo_sensors1) StdoutLine: {'line': b"-- Configured 'flake8' exclude dirs and/or files: \n"}
[0.937738] (bme_gazebo_sensors1) StdoutLine: {'line': b"-- Added test 'lint_cmake' to check CMake code style\n"}
[0.938650] (custom_message) StdoutLine: {'line': b'-- Using all available rosidl_typesupport_cpp: rosidl_typesupport_fastrtps_cpp;rosidl_typesupport_introspection_cpp\n'}
[0.938859] (bme_gazebo_sensors1) StdoutLine: {'line': b"-- Added test 'pep257' to check Python code against some of the docstring style conventions in PEP 257\n"}
[0.940966] (bme_gazebo_sensors1) StdoutLine: {'line': b"-- Added test 'xmllint' to check XML markup files\n"}
[0.943392] (bme_gazebo_sensors1) StdoutLine: {'line': b'-- Configuring done (0.9s)\n'}
[0.947202] (bme_gazebo_sensors1) StdoutLine: {'line': b'-- Generating done (0.0s)\n'}
[0.949703] (bme_gazebo_sensors1) StdoutLine: {'line': b'-- Build files have been written to: /home/ubuntu/ws/src/build/bme_gazebo_sensors1\n'}
[0.953560] (bme_gazebo_sensors1) CommandEnded: {'returncode': 0}
[0.954064] (bme_gazebo_sensors1) JobProgress: {'identifier': 'bme_gazebo_sensors1', 'progress': 'build'}
[0.954678] (bme_gazebo_sensors1) Command: {'cmd': ['/usr/bin/cmake', '--build', '/home/ubuntu/ws/src/build/bme_gazebo_sensors1', '--', '-j22', '-l22'], 'cwd': '/home/ubuntu/ws/src/build/bme_gazebo_sensors1', 'env': OrderedDict({'GZ_SIM_RESOURCE_PATH': '/home/ubuntu/gazebo_models', 'GZ_CONFIG_PATH': '/opt/ros/jazzy/opt/gz_launch_vendor/share/gz:/opt/ros/jazzy/opt/gz_sim_vendor/share/gz:/opt/ros/jazzy/opt/sdformat_vendor/share/gz:/opt/ros/jazzy/opt/gz_gui_vendor/share/gz:/opt/ros/jazzy/opt/gz_transport_vendor/share/gz:/opt/ros/jazzy/opt/gz_rendering_vendor/share/gz:/opt/ros/jazzy/opt/gz_plugin_vendor/share/gz:/opt/ros/jazzy/opt/gz_fuel_tools_vendor/share/gz:/opt/ros/jazzy/opt/gz_msgs_vendor/share/gz:/opt/ros/jazzy/opt/gz_common_vendor/share/gz', 'HOSTNAME': 'docker-desktop', 'GIT_ASKPASS': '/root/.vscode-server/bin/94e8ae2b28cb5cc932b86e1070569c4463565c37/extensions/git/dist/askpass.sh', 'SHLVL': '2', 'LD_LIBRARY_PATH': '/opt/ros/jazzy/opt/gz_launch_vendor/lib:/opt/ros/jazzy/opt/gz_sim_vendor/lib:/opt/ros/jazzy/opt/gz_sensors_vendor/lib:/opt/ros/jazzy/opt/gz_physics_vendor/lib:/opt/ros/jazzy/opt/sdformat_vendor/lib:/opt/ros/jazzy/opt/rviz_ogre_vendor/lib:/opt/ros/jazzy/lib/x86_64-linux-gnu:/opt/ros/jazzy/opt/gz_gui_vendor/lib:/opt/ros/jazzy/opt/gz_transport_vendor/lib:/opt/ros/jazzy/opt/gz_rendering_vendor/lib:/opt/ros/jazzy/opt/gz_plugin_vendor/lib:/opt/ros/jazzy/opt/gz_fuel_tools_vendor/lib:/opt/ros/jazzy/opt/gz_msgs_vendor/lib:/opt/ros/jazzy/opt/gz_common_vendor/lib:/opt/ros/jazzy/opt/gz_math_vendor/lib:/opt/ros/jazzy/opt/gz_utils_vendor/lib:/opt/ros/jazzy/opt/gz_tools_vendor/lib:/opt/ros/jazzy/opt/gz_ogre_next_vendor/lib:/opt/ros/jazzy/opt/gz_dartsim_vendor/lib:/opt/ros/jazzy/opt/gz_cmake_vendor/lib:/opt/ros/jazzy/lib', 'BROWSER': '/root/.vscode-server/bin/94e8ae2b28cb5cc932b86e1070569c4463565c37/bin/helpers/browser.sh', 'HOME': '/root', 'OLDPWD': '/home/ubuntu/ws', 'TERM_PROGRAM_VERSION': '1.108.0', 'VSCODE_IPC_HOOK_CLI': '/tmp/vscode-ipc-44e8f9ff-a371-4e2d-8446-1a5594ba9099.sock', 'ROS_PYTHON_VERSION': '3', 'VSCODE_GIT_ASKPASS_MAIN': '/root/.vscode-server/bin/94e8ae2b28cb5cc932b86e1070569c4463565c37/extensions/git/dist/askpass-main.js', 'VSCODE_GIT_ASKPASS_NODE': '/root/.vscode-server/bin/94e8ae2b28cb5cc932b86e1070569c4463565c37/node', 'VSCODE_PYTHON_AUTOACTIVATE_GUARD': '1', 'COLORTERM': 'truecolor', 'REMOTE_CONTAINERS': 'true', 'ROS_DISTRO': 'jazzy', 'REMOTE_CONTAINERS_IPC': '/tmp/vscode-remote-containers-ipc-01e824b0-18fa-4b10-b8e9-9248ae707c49.sock', '_': '/usr/bin/colcon', 'ROS_VERSION': '2', 'TERM': 'xterm-256color', 'PATH': '/root/.vscode-server/data/User/globalStorage/github.copilot-chat/debugCommand:/root/.vscode-server/data/User/globalStorage/github.copilot-chat/copilotCli:/root/.vscode-server/bin/94e8ae2b28cb5cc932b86e1070569c4463565c37/bin/remote-cli:/opt/ros/jazzy/opt/gz_msgs_vendor/bin:/opt/ros/jazzy/opt/gz_tools_vendor/bin:/opt/ros/jazzy/opt/gz_ogre_next_vendor/bin:/opt/ros/jazzy/bin:/usr/local/sbin:/usr/local/bin:/usr/sbin:/usr/bin:/sbin:/bin:/snap/bin', 'REMOTE_CONTAINERS_SOCKETS': '[]', 'DISPLAY': 'host.docker.internal:0.0', 'LANG': 'C.UTF-8', 'LS_COLORS': 'rs=0:di=01;34:ln=01;36:mh=00:pi=40;33:so=01;35:do=01;35:bd=40;33;01:cd=40;33;01:or=40;31;01:mi=00:su=37;41:sg=30;43:ca=00:tw=30;42:ow=34;42:st=37;44:ex=01;32:*.tar=01;31:*.tgz=01;31:*.arc=01;31:*.arj=01;31:*.taz=01;31:*.lha=01;31:*.lz4=01;31:*.lzh=01;31:*.lzma=01;31:*.tlz=01;31:*.txz=01;31:*.tzo=01;31:*.t7z=01;31:*.zip=01;31:*.z=01;31:*.dz=01;31:*.gz=01;31:*.lrz=01;31:*.lz=01;31:*.lzo=01;31:*.xz=01;31:*.zst=01;31:*.tzst=01;31:*.bz2=01;31:*.bz=01;31:*.tbz=01;31:*.tbz2=01;31:*.tz=01;31:*.deb=01;31:*.rpm=01;31:*.jar=01;31:*.war=01;31:*.ear=01;31:*.sar=01;31:*.rar=01;31:*.alz=01;31:*.ace=01;31:*.zoo=01;31:*.cpio=01;31:*.7z=01;31:*.rz=01;31:*.cab=01;31:*.wim=01;31:*.swm=01;31:*.dwm=01;31:*.esd=01;31:*.avif=01;35:*.jpg=01;35:*.jpeg=01;35:*.mjpg=01;35:*.mjpeg=01;35:*.gif=01;35:*.bmp=01;35:*.pbm=01;35:*.pgm=01;35:*.ppm=01;35:*.tga=01;35:*.xbm=01;35:*.xpm=01;35:*.tif=01;35:*.tiff=01;35:*.png=01;35:*.svg=01;35:*.svgz=01;35:*.mng=01;35:*.pcx=01;35:*.mov=01;35:*.mpg=01;35:*.mpeg=01;35:*.m2v=01;35:*.mkv=01;35:*.webm=01;35:*.webp=01;35:*.ogm=01;35:*.mp4=01;35:*.m4v=01;35:*.mp4v=01;35:*.vob=01;35:*.qt=01;35:*.nuv=01;35:*.wmv=01;35:*.asf=01;35:*.rm=01;35:*.rmvb=01;35:*.flc=01;35:*.avi=01;35:*.fli=01;35:*.flv=01;35:*.gl=01;35:*.dl=01;35:*.xcf=01;35:*.xwd=01;35:*.yuv=01;35:*.cgm=01;35:*.emf=01;35:*.ogv=01;35:*.ogx=01;35:*.aac=00;36:*.au=00;36:*.flac=00;36:*.m4a=00;36:*.mid=00;36:*.midi=00;36:*.mka=00;36:*.mp3=00;36:*.mpc=00;36:*.ogg=00;36:*.ra=00;36:*.wav=00;36:*.oga=00;36:*.opus=00;36:*.spx=00;36:*.xspf=00;36:*~=00;90:*#=00;90:*.bak=00;90:*.crdownload=00;90:*.dpkg-dist=00;90:*.dpkg-new=00;90:*.dpkg-old=00;90:*.dpkg-tmp=00;90:*.old=00;90:*.orig=00;90:*.part=00;90:*.rej=00;90:*.rpmnew=00;90:*.rpmorig=00;90:*.rpmsave=00;90:*.swp=00;90:*.tmp=00;90:*.ucf-dist=00;90:*.ucf-new=00;90:*.ucf-old=00;90:', 'VSCODE_GIT_IPC_HANDLE': '/tmp/vscode-git-e3b1ede713.sock', 'TERM_PROGRAM': 'vscode', 'AMENT_PREFIX_PATH': '/opt/ros/jazzy', 'SHELL': '/bin/bash', 'ROS_AUTOMATIC_DISCOVERY_RANGE': 'SUBNET', 'VSCODE_GIT_ASKPASS_EXTRA_ARGS': '', 'PWD': '/home/ubuntu/ws/src/build/bme_gazebo_sensors1', 'LC_ALL': 'C.UTF-8', 'XDG_DATA_DIRS': '/usr/local/share:/usr/share:/var/lib/snapd/desktop', 'PYTHONPATH': '/opt/ros/jazzy/lib/python3.12/site-packages', 'COLCON': '1', 'CMAKE_PREFIX_PATH': '/opt/ros/jazzy/opt/gz_launch_vendor:/opt/ros/jazzy/opt/gz_sim_vendor:/opt/ros/jazzy/opt/gz_sensors_vendor:/opt/ros/jazzy/opt/gz_physics_vendor:/opt/ros/jazzy/opt/sdformat_vendor:/opt/ros/jazzy/opt/gz_gui_vendor:/opt/ros/jazzy/opt/gz_transport_vendor:/opt/ros/jazzy/opt/gz_rendering_vendor:/opt/ros/jazzy/opt/gz_plugin_vendor:/opt/ros/jazzy/opt/gz_fuel_tools_vendor:/opt/ros/jazzy/opt/gz_msgs_vendor:/opt/ros/jazzy/opt/gz_common_vendor:/opt/ros/jazzy/opt/gz_math_vendor:/opt/ros/jazzy/opt/gz_utils_vendor:/opt/ros/jazzy/opt/gz_tools_vendor:/opt/ros/jazzy/opt/gz_ogre_next_vendor:/opt/ros/jazzy/opt/gz_dartsim_vendor:/opt/ros/jazzy/opt/gz_cmake_vendor:/opt/ros/jazzy'}), 'shell': False}
[0.985737] (bme_gazebo_sensors1) CommandEnded: {'returncode': 0}
[0.986398] (bme_gazebo_sensors1) JobProgress: {'identifier': 'bme_gazebo_sensors1', 'progress': 'install'}
[0.993749] (bme_gazebo_sensors1) Command: {'cmd': ['/usr/bin/cmake', '--install', '/home/ubuntu/ws/src/build/bme_gazebo_sensors1'], 'cwd': '/home/ubuntu/ws/src/build/bme_gazebo_sensors1', 'env': OrderedDict({'GZ_SIM_RESOURCE_PATH': '/home/ubuntu/gazebo_models', 'GZ_CONFIG_PATH': '/opt/ros/jazzy/opt/gz_launch_vendor/share/gz:/opt/ros/jazzy/opt/gz_sim_vendor/share/gz:/opt/ros/jazzy/opt/sdformat_vendor/share/gz:/opt/ros/jazzy/opt/gz_gui_vendor/share/gz:/opt/ros/jazzy/opt/gz_transport_vendor/share/gz:/opt/ros/jazzy/opt/gz_rendering_vendor/share/gz:/opt/ros/jazzy/opt/gz_plugin_vendor/share/gz:/opt/ros/jazzy/opt/gz_fuel_tools_vendor/share/gz:/opt/ros/jazzy/opt/gz_msgs_vendor/share/gz:/opt/ros/jazzy/opt/gz_common_vendor/share/gz', 'HOSTNAME': 'docker-desktop', 'GIT_ASKPASS': '/root/.vscode-server/bin/94e8ae2b28cb5cc932b86e1070569c4463565c37/extensions/git/dist/askpass.sh', 'SHLVL': '2', 'LD_LIBRARY_PATH': '/opt/ros/jazzy/opt/gz_launch_vendor/lib:/opt/ros/jazzy/opt/gz_sim_vendor/lib:/opt/ros/jazzy/opt/gz_sensors_vendor/lib:/opt/ros/jazzy/opt/gz_physics_vendor/lib:/opt/ros/jazzy/opt/sdformat_vendor/lib:/opt/ros/jazzy/opt/rviz_ogre_vendor/lib:/opt/ros/jazzy/lib/x86_64-linux-gnu:/opt/ros/jazzy/opt/gz_gui_vendor/lib:/opt/ros/jazzy/opt/gz_transport_vendor/lib:/opt/ros/jazzy/opt/gz_rendering_vendor/lib:/opt/ros/jazzy/opt/gz_plugin_vendor/lib:/opt/ros/jazzy/opt/gz_fuel_tools_vendor/lib:/opt/ros/jazzy/opt/gz_msgs_vendor/lib:/opt/ros/jazzy/opt/gz_common_vendor/lib:/opt/ros/jazzy/opt/gz_math_vendor/lib:/opt/ros/jazzy/opt/gz_utils_vendor/lib:/opt/ros/jazzy/opt/gz_tools_vendor/lib:/opt/ros/jazzy/opt/gz_ogre_next_vendor/lib:/opt/ros/jazzy/opt/gz_dartsim_vendor/lib:/opt/ros/jazzy/opt/gz_cmake_vendor/lib:/opt/ros/jazzy/lib', 'BROWSER': '/root/.vscode-server/bin/94e8ae2b28cb5cc932b86e1070569c4463565c37/bin/helpers/browser.sh', 'HOME': '/root', 'OLDPWD': '/home/ubuntu/ws', 'TERM_PROGRAM_VERSION': '1.108.0', 'VSCODE_IPC_HOOK_CLI': '/tmp/vscode-ipc-44e8f9ff-a371-4e2d-8446-1a5594ba9099.sock', 'ROS_PYTHON_VERSION': '3', 'VSCODE_GIT_ASKPASS_MAIN': '/root/.vscode-server/bin/94e8ae2b28cb5cc932b86e1070569c4463565c37/extensions/git/dist/askpass-main.js', 'VSCODE_GIT_ASKPASS_NODE': '/root/.vscode-server/bin/94e8ae2b28cb5cc932b86e1070569c4463565c37/node', 'VSCODE_PYTHON_AUTOACTIVATE_GUARD': '1', 'COLORTERM': 'truecolor', 'REMOTE_CONTAINERS': 'true', 'ROS_DISTRO': 'jazzy', 'REMOTE_CONTAINERS_IPC': '/tmp/vscode-remote-containers-ipc-01e824b0-18fa-4b10-b8e9-9248ae707c49.sock', '_': '/usr/bin/colcon', 'ROS_VERSION': '2', 'TERM': 'xterm-256color', 'PATH': '/root/.vscode-server/data/User/globalStorage/github.copilot-chat/debugCommand:/root/.vscode-server/data/User/globalStorage/github.copilot-chat/copilotCli:/root/.vscode-server/bin/94e8ae2b28cb5cc932b86e1070569c4463565c37/bin/remote-cli:/opt/ros/jazzy/opt/gz_msgs_vendor/bin:/opt/ros/jazzy/opt/gz_tools_vendor/bin:/opt/ros/jazzy/opt/gz_ogre_next_vendor/bin:/opt/ros/jazzy/bin:/usr/local/sbin:/usr/local/bin:/usr/sbin:/usr/bin:/sbin:/bin:/snap/bin', 'REMOTE_CONTAINERS_SOCKETS': '[]', 'DISPLAY': 'host.docker.internal:0.0', 'LANG': 'C.UTF-8', 'LS_COLORS': 'rs=0:di=01;34:ln=01;36:mh=00:pi=40;33:so=01;35:do=01;35:bd=40;33;01:cd=40;33;01:or=40;31;01:mi=00:su=37;41:sg=30;43:ca=00:tw=30;42:ow=34;42:st=37;44:ex=01;32:*.tar=01;31:*.tgz=01;31:*.arc=01;31:*.arj=01;31:*.taz=01;31:*.lha=01;31:*.lz4=01;31:*.lzh=01;31:*.lzma=01;31:*.tlz=01;31:*.txz=01;31:*.tzo=01;31:*.t7z=01;31:*.zip=01;31:*.z=01;31:*.dz=01;31:*.gz=01;31:*.lrz=01;31:*.lz=01;31:*.lzo=01;31:*.xz=01;31:*.zst=01;31:*.tzst=01;31:*.bz2=01;31:*.bz=01;31:*.tbz=01;31:*.tbz2=01;31:*.tz=01;31:*.deb=01;31:*.rpm=01;31:*.jar=01;31:*.war=01;31:*.ear=01;31:*.sar=01;31:*.rar=01;31:*.alz=01;31:*.ace=01;31:*.zoo=01;31:*.cpio=01;31:*.7z=01;31:*.rz=01;31:*.cab=01;31:*.wim=01;31:*.swm=01;31:*.dwm=01;31:*.esd=01;31:*.avif=01;35:*.jpg=01;35:*.jpeg=01;35:*.mjpg=01;35:*.mjpeg=01;35:*.gif=01;35:*.bmp=01;35:*.pbm=01;35:*.pgm=01;35:*.ppm=01;35:*.tga=01;35:*.xbm=01;35:*.xpm=01;35:*.tif=01;35:*.tiff=01;35:*.png=01;35:*.svg=01;35:*.svgz=01;35:*.mng=01;35:*.pcx=01;35:*.mov=01;35:*.mpg=01;35:*.mpeg=01;35:*.m2v=01;35:*.mkv=01;35:*.webm=01;35:*.webp=01;35:*.ogm=01;35:*.mp4=01;35:*.m4v=01;35:*.mp4v=01;35:*.vob=01;35:*.qt=01;35:*.nuv=01;35:*.wmv=01;35:*.asf=01;35:*.rm=01;35:*.rmvb=01;35:*.flc=01;35:*.avi=01;35:*.fli=01;35:*.flv=01;35:*.gl=01;35:*.dl=01;35:*.xcf=01;35:*.xwd=01;35:*.yuv=01;35:*.cgm=01;35:*.emf=01;35:*.ogv=01;35:*.ogx=01;35:*.aac=00;36:*.au=00;36:*.flac=00;36:*.m4a=00;36:*.mid=00;36:*.midi=00;36:*.mka=00;36:*.mp3=00;36:*.mpc=00;36:*.ogg=00;36:*.ra=00;36:*.wav=00;36:*.oga=00;36:*.opus=00;36:*.spx=00;36:*.xspf=00;36:*~=00;90:*#=00;90:*.bak=00;90:*.crdownload=00;90:*.dpkg-dist=00;90:*.dpkg-new=00;90:*.dpkg-old=00;90:*.dpkg-tmp=00;90:*.old=00;90:*.orig=00;90:*.part=00;90:*.rej=00;90:*.rpmnew=00;90:*.rpmorig=00;90:*.rpmsave=00;90:*.swp=00;90:*.tmp=00;90:*.ucf-dist=00;90:*.ucf-new=00;90:*.ucf-old=00;90:', 'VSCODE_GIT_IPC_HANDLE': '/tmp/vscode-git-e3b1ede713.sock', 'TERM_PROGRAM': 'vscode', 'AMENT_PREFIX_PATH': '/opt/ros/jazzy', 'SHELL': '/bin/bash', 'ROS_AUTOMATIC_DISCOVERY_RANGE': 'SUBNET', 'VSCODE_GIT_ASKPASS_EXTRA_ARGS': '', 'PWD': '/home/ubuntu/ws/src/build/bme_gazebo_sensors1', 'LC_ALL': 'C.UTF-8', 'XDG_DATA_DIRS': '/usr/local/share:/usr/share:/var/lib/snapd/desktop', 'PYTHONPATH': '/opt/ros/jazzy/lib/python3.12/site-packages', 'COLCON': '1', 'CMAKE_PREFIX_PATH': '/opt/ros/jazzy/opt/gz_launch_vendor:/opt/ros/jazzy/opt/gz_sim_vendor:/opt/ros/jazzy/opt/gz_sensors_vendor:/opt/ros/jazzy/opt/gz_physics_vendor:/opt/ros/jazzy/opt/sdformat_vendor:/opt/ros/jazzy/opt/gz_gui_vendor:/opt/ros/jazzy/opt/gz_transport_vendor:/opt/ros/jazzy/opt/gz_rendering_vendor:/opt/ros/jazzy/opt/gz_plugin_vendor:/opt/ros/jazzy/opt/gz_fuel_tools_vendor:/opt/ros/jazzy/opt/gz_msgs_vendor:/opt/ros/jazzy/opt/gz_common_vendor:/opt/ros/jazzy/opt/gz_math_vendor:/opt/ros/jazzy/opt/gz_utils_vendor:/opt/ros/jazzy/opt/gz_tools_vendor:/opt/ros/jazzy/opt/gz_ogre_next_vendor:/opt/ros/jazzy/opt/gz_dartsim_vendor:/opt/ros/jazzy/opt/gz_cmake_vendor:/opt/ros/jazzy'}), 'shell': False}
[0.999946] (bme_gazebo_sensors1) StdoutLine: {'line': b'-- Install configuration: ""\n'}
[1.000175] (bme_gazebo_sensors1) StdoutLine: {'line': b'-- Installing: /home/ubuntu/ws/src/install/bme_gazebo_sensors1/share/bme_gazebo_sensors1/launch\n'}
[1.000536] (bme_gazebo_sensors1) StdoutLine: {'line': b'-- Installing: /home/ubuntu/ws/src/install/bme_gazebo_sensors1/share/bme_gazebo_sensors1/launch/spawn_robot.launch.py\n'}
[1.001072] (bme_gazebo_sensors1) StdoutLine: {'line': b'-- Installing: /home/ubuntu/ws/src/install/bme_gazebo_sensors1/share/bme_gazebo_sensors1/launch/world.launch.py\n'}
[1.001461] (bme_gazebo_sensors1) StdoutLine: {'line': b'-- Installing: /home/ubuntu/ws/src/install/bme_gazebo_sensors1/share/bme_gazebo_sensors1/worlds\n'}
[1.001537] (-) TimerEvent: {}
[1.001678] (bme_gazebo_sensors1) StdoutLine: {'line': b'-- Installing: /home/ubuntu/ws/src/install/bme_gazebo_sensors1/share/bme_gazebo_sensors1/worlds/my.sdf\n'}
[1.002069] (bme_gazebo_sensors1) StdoutLine: {'line': b'-- Installing: /home/ubuntu/ws/src/install/bme_gazebo_sensors1/share/bme_gazebo_sensors1/worlds/home.sdf\n'}
[1.002675] (bme_gazebo_sensors1) StdoutLine: {'line': b'-- Installing: /home/ubuntu/ws/src/install/bme_gazebo_sensors1/share/bme_gazebo_sensors1/worlds/my_world.sdf\n'}
[1.003071] (bme_gazebo_sensors1) StdoutLine: {'line': b'-- Installing: /home/ubuntu/ws/src/install/bme_gazebo_sensors1/share/bme_gazebo_sensors1/worlds/world.sdf\n'}
[1.003640] (bme_gazebo_sensors1) StdoutLine: {'line': b'-- Installing: /home/ubuntu/ws/src/install/bme_gazebo_sensors1/share/bme_gazebo_sensors1/rviz\n'}
[1.003774] (bme_gazebo_sensors1) StdoutLine: {'line': b'-- Installing: /home/ubuntu/ws/src/install/bme_gazebo_sensors1/share/bme_gazebo_sensors1/rviz/gps.rviz\n'}
[1.004269] (bme_gazebo_sensors1) StdoutLine: {'line': b'-- Installing: /home/ubuntu/ws/src/install/bme_gazebo_sensors1/share/bme_gazebo_sensors1/rviz/urdf.rviz\n'}
[1.004584] (bme_gazebo_sensors1) StdoutLine: {'line': b'-- Installing: /home/ubuntu/ws/src/install/bme_gazebo_sensors1/share/bme_gazebo_sensors1/rviz/rviz.rviz\n'}
[1.005117] (bme_gazebo_sensors1) StdoutLine: {'line': b'-- Installing: /home/ubuntu/ws/src/install/bme_gazebo_sensors1/share/bme_gazebo_sensors1/urdf\n'}
[1.005199] (bme_gazebo_sensors1) StdoutLine: {'line': b'-- Installing: /home/ubuntu/ws/src/install/bme_gazebo_sensors1/share/bme_gazebo_sensors1/urdf/mogi_bot.gazebo\n'}
[1.005516] (bme_gazebo_sensors1) StdoutLine: {'line': b'-- Installing: /home/ubuntu/ws/src/install/bme_gazebo_sensors1/share/bme_gazebo_sensors1/urdf/materials.xacro\n'}
[1.005775] (bme_gazebo_sensors1) StdoutLine: {'line': b'-- Installing: /home/ubuntu/ws/src/install/bme_gazebo_sensors1/share/bme_gazebo_sensors1/urdf/mogi_bot.urdf\n'}
[1.006210] (bme_gazebo_sensors1) StdoutLine: {'line': b'-- Installing: /home/ubuntu/ws/src/install/bme_gazebo_sensors1/share/bme_gazebo_sensors1/meshes\n'}
[1.006371] (bme_gazebo_sensors1) StdoutLine: {'line': b'-- Installing: /home/ubuntu/ws/src/install/bme_gazebo_sensors1/share/bme_gazebo_sensors1/meshes/lidar.dae\n'}
[1.007244] (bme_gazebo_sensors1) StdoutLine: {'line': b'-- Installing: /home/ubuntu/ws/src/install/bme_gazebo_sensors1/share/bme_gazebo_sensors1/meshes/wheel.dae\n'}
[1.007668] (custom_message) StdoutLine: {'line': b'-- Found rosidl_adapter: 4.6.6 (/opt/ros/jazzy/share/rosidl_adapter/cmake)\n'}
[1.008371] (bme_gazebo_sensors1) StdoutLine: {'line': b'-- Installing: /home/ubuntu/ws/src/install/bme_gazebo_sensors1/share/bme_gazebo_sensors1/meshes/mogi_bot.dae\n'}
[1.008956] (bme_gazebo_sensors1) StdoutLine: {'line': b'-- Installing: /home/ubuntu/ws/src/install/bme_gazebo_sensors1/share/bme_gazebo_sensors1/config\n'}
[1.009267] (bme_gazebo_sensors1) StdoutLine: {'line': b'-- Installing: /home/ubuntu/ws/src/install/bme_gazebo_sensors1/share/bme_gazebo_sensors1/config/ekf.yaml\n'}
[1.010088] (bme_gazebo_sensors1) StdoutLine: {'line': b'-- Installing: /home/ubuntu/ws/src/install/bme_gazebo_sensors1/share/ament_index/resource_index/package_run_dependencies/bme_gazebo_sensors1\n'}
[1.010374] (bme_gazebo_sensors1) StdoutLine: {'line': b'-- Installing: /home/ubuntu/ws/src/install/bme_gazebo_sensors1/share/ament_index/resource_index/parent_prefix_path/bme_gazebo_sensors1\n'}
[1.010608] (bme_gazebo_sensors1) StdoutLine: {'line': b'-- Installing: /home/ubuntu/ws/src/install/bme_gazebo_sensors1/share/bme_gazebo_sensors1/environment/ament_prefix_path.sh\n'}
[1.010755] (bme_gazebo_sensors1) StdoutLine: {'line': b'-- Installing: /home/ubuntu/ws/src/install/bme_gazebo_sensors1/share/bme_gazebo_sensors1/environment/ament_prefix_path.dsv\n'}
[1.010967] (bme_gazebo_sensors1) StdoutLine: {'line': b'-- Installing: /home/ubuntu/ws/src/install/bme_gazebo_sensors1/share/bme_gazebo_sensors1/environment/path.sh\n'}
[1.011125] (bme_gazebo_sensors1) StdoutLine: {'line': b'-- Installing: /home/ubuntu/ws/src/install/bme_gazebo_sensors1/share/bme_gazebo_sensors1/environment/path.dsv\n'}
[1.011250] (bme_gazebo_sensors1) StdoutLine: {'line': b'-- Installing: /home/ubuntu/ws/src/install/bme_gazebo_sensors1/share/bme_gazebo_sensors1/local_setup.bash\n'}
[1.011357] (bme_gazebo_sensors1) StdoutLine: {'line': b'-- Installing: /home/ubuntu/ws/src/install/bme_gazebo_sensors1/share/bme_gazebo_sensors1/local_setup.sh\n'}
[1.011478] (bme_gazebo_sensors1) StdoutLine: {'line': b'-- Installing: /home/ubuntu/ws/src/install/bme_gazebo_sensors1/share/bme_gazebo_sensors1/local_setup.zsh\n'}
[1.011584] (bme_gazebo_sensors1) StdoutLine: {'line': b'-- Installing: /home/ubuntu/ws/src/install/bme_gazebo_sensors1/share/bme_gazebo_sensors1/local_setup.dsv\n'}
[1.011701] (bme_gazebo_sensors1) StdoutLine: {'line': b'-- Installing: /home/ubuntu/ws/src/install/bme_gazebo_sensors1/share/bme_gazebo_sensors1/package.dsv\n'}
[1.011972] (bme_gazebo_sensors1) StdoutLine: {'line': b'-- Installing: /home/ubuntu/ws/src/install/bme_gazebo_sensors1/share/ament_index/resource_index/packages/bme_gazebo_sensors1\n'}
[1.012243] (bme_gazebo_sensors1) StdoutLine: {'line': b'-- Installing: /home/ubuntu/ws/src/install/bme_gazebo_sensors1/share/bme_gazebo_sensors1/cmake/bme_gazebo_sensors1Config.cmake\n'}
[1.012446] (bme_gazebo_sensors1) StdoutLine: {'line': b'-- Installing: /home/ubuntu/ws/src/install/bme_gazebo_sensors1/share/bme_gazebo_sensors1/cmake/bme_gazebo_sensors1Config-version.cmake\n'}
[1.012653] (bme_gazebo_sensors1) StdoutLine: {'line': b'-- Installing: /home/ubuntu/ws/src/install/bme_gazebo_sensors1/share/bme_gazebo_sensors1/package.xml\n'}
[1.014278] (bme_gazebo_sensors1) CommandEnded: {'returncode': 0}
[1.016289] (custom_message) StdoutLine: {'line': b'-- Found geometry_msgs: 5.3.6 (/opt/ros/jazzy/share/geometry_msgs/cmake)\n'}
[1.033482] (bme_gazebo_sensors1) JobEnded: {'identifier': 'bme_gazebo_sensors1', 'rc': 0}
[1.101694] (-) TimerEvent: {}
[1.201941] (-) TimerEvent: {}
[1.302251] (-) TimerEvent: {}
[1.402547] (-) TimerEvent: {}
[1.502852] (-) TimerEvent: {}
[1.526343] (custom_message) StdoutLine: {'line': b'-- Found ament_cmake_ros: 0.12.0 (/opt/ros/jazzy/share/ament_cmake_ros/cmake)\n'}
[1.602994] (-) TimerEvent: {}
[1.703266] (-) TimerEvent: {}
[1.803547] (-) TimerEvent: {}
[1.846323] (custom_message) StdoutLine: {'line': b'-- Using all available rosidl_typesupport_c: rosidl_typesupport_fastrtps_c;rosidl_typesupport_introspection_c\n'}
[1.903645] (-) TimerEvent: {}
[2.003901] (-) TimerEvent: {}
[2.104250] (-) TimerEvent: {}
[2.204556] (-) TimerEvent: {}
[2.250172] (custom_message) StdoutLine: {'line': b'-- Using all available rosidl_typesupport_cpp: rosidl_typesupport_fastrtps_cpp;rosidl_typesupport_introspection_cpp\n'}
[2.256841] (custom_message) StdoutLine: {'line': b'-- Found python_cmake_module: 0.11.1 (/opt/ros/jazzy/share/python_cmake_module/cmake)\n'}
[2.304756] (-) TimerEvent: {}
[2.356876] (custom_message) StdoutLine: {'line': b'-- Found PythonExtra: /usr/bin/python3  \n'}
[2.404879] (-) TimerEvent: {}
[2.505170] (-) TimerEvent: {}
[2.605501] (-) TimerEvent: {}
[2.705838] (-) TimerEvent: {}
[2.762512] (custom_message) StdoutLine: {'line': b'-- Found Python3: /usr/bin/python3 (found version "3.12.3") found components: Interpreter Development NumPy Development.Module Development.Embed \n'}
[2.794118] (custom_message) StdoutLine: {'line': b'-- Found ament_lint_auto: 0.17.3 (/opt/ros/jazzy/share/ament_lint_auto/cmake)\n'}
[2.805974] (-) TimerEvent: {}
[2.831373] (custom_message) StdoutLine: {'line': b"-- Added test 'lint_cmake' to check CMake code style\n"}
[2.832542] (custom_message) StdoutLine: {'line': b"-- Added test 'xmllint' to check XML markup files\n"}
[2.835079] (custom_message) StdoutLine: {'line': b'-- Configuring done (2.7s)\n'}
[2.878931] (custom_message) StdoutLine: {'line': b'-- Generating done (0.0s)\n'}
[2.888133] (custom_message) StdoutLine: {'line': b'-- Build files have been written to: /home/ubuntu/ws/src/build/custom_message\n'}
[2.895443] (custom_message) CommandEnded: {'returncode': 0}
[2.895955] (custom_message) JobProgress: {'identifier': 'custom_message', 'progress': 'build'}
[2.896321] (custom_message) Command: {'cmd': ['/usr/bin/cmake', '--build', '/home/ubuntu/ws/src/build/custom_message', '--', '-j22', '-l22'], 'cwd': '/home/ubuntu/ws/src/build/custom_message', 'env': OrderedDict({'GZ_SIM_RESOURCE_PATH': '/home/ubuntu/gazebo_models', 'GZ_CONFIG_PATH': '/opt/ros/jazzy/opt/gz_launch_vendor/share/gz:/opt/ros/jazzy/opt/gz_sim_vendor/share/gz:/opt/ros/jazzy/opt/sdformat_vendor/share/gz:/opt/ros/jazzy/opt/gz_gui_vendor/share/gz:/opt/ros/jazzy/opt/gz_transport_vendor/share/gz:/opt/ros/jazzy/opt/gz_rendering_vendor/share/gz:/opt/ros/jazzy/opt/gz_plugin_vendor/share/gz:/opt/ros/jazzy/opt/gz_fuel_tools_vendor/share/gz:/opt/ros/jazzy/opt/gz_msgs_vendor/share/gz:/opt/ros/jazzy/opt/gz_common_vendor/share/gz', 'HOSTNAME': 'docker-desktop', 'GIT_ASKPASS': '/root/.vscode-server/bin/94e8ae2b28cb5cc932b86e1070569c4463565c37/extensions/git/dist/askpass.sh', 'SHLVL': '2', 'LD_LIBRARY_PATH': '/opt/ros/jazzy/opt/gz_launch_vendor/lib:/opt/ros/jazzy/opt/gz_sim_vendor/lib:/opt/ros/jazzy/opt/gz_sensors_vendor/lib:/opt/ros/jazzy/opt/gz_physics_vendor/lib:/opt/ros/jazzy/opt/sdformat_vendor/lib:/opt/ros/jazzy/opt/rviz_ogre_vendor/lib:/opt/ros/jazzy/lib/x86_64-linux-gnu:/opt/ros/jazzy/opt/gz_gui_vendor/lib:/opt/ros/jazzy/opt/gz_transport_vendor/lib:/opt/ros/jazzy/opt/gz_rendering_vendor/lib:/opt/ros/jazzy/opt/gz_plugin_vendor/lib:/opt/ros/jazzy/opt/gz_fuel_tools_vendor/lib:/opt/ros/jazzy/opt/gz_msgs_vendor/lib:/opt/ros/jazzy/opt/gz_common_vendor/lib:/opt/ros/jazzy/opt/gz_math_vendor/lib:/opt/ros/jazzy/opt/gz_utils_vendor/lib:/opt/ros/jazzy/opt/gz_tools_vendor/lib:/opt/ros/jazzy/opt/gz_ogre_next_vendor/lib:/opt/ros/jazzy/opt/gz_dartsim_vendor/lib:/opt/ros/jazzy/opt/gz_cmake_vendor/lib:/opt/ros/jazzy/lib', 'BROWSER': '/root/.vscode-server/bin/94e8ae2b28cb5cc932b86e1070569c4463565c37/bin/helpers/browser.sh', 'HOME': '/root', 'OLDPWD': '/home/ubuntu/ws', 'TERM_PROGRAM_VERSION': '1.108.0', 'VSCODE_IPC_HOOK_CLI': '/tmp/vscode-ipc-44e8f9ff-a371-4e2d-8446-1a5594ba9099.sock', 'ROS_PYTHON_VERSION': '3', 'VSCODE_GIT_ASKPASS_MAIN': '/root/.vscode-server/bin/94e8ae2b28cb5cc932b86e1070569c4463565c37/extensions/git/dist/askpass-main.js', 'VSCODE_GIT_ASKPASS_NODE': '/root/.vscode-server/bin/94e8ae2b28cb5cc932b86e1070569c4463565c37/node', 'VSCODE_PYTHON_AUTOACTIVATE_GUARD': '1', 'COLORTERM': 'truecolor', 'REMOTE_CONTAINERS': 'true', 'ROS_DISTRO': 'jazzy', 'REMOTE_CONTAINERS_IPC': '/tmp/vscode-remote-containers-ipc-01e824b0-18fa-4b10-b8e9-9248ae707c49.sock', '_': '/usr/bin/colcon', 'ROS_VERSION': '2', 'TERM': 'xterm-256color', 'PATH': '/root/.vscode-server/data/User/globalStorage/github.copilot-chat/debugCommand:/root/.vscode-server/data/User/globalStorage/github.copilot-chat/copilotCli:/root/.vscode-server/bin/94e8ae2b28cb5cc932b86e1070569c4463565c37/bin/remote-cli:/opt/ros/jazzy/opt/gz_msgs_vendor/bin:/opt/ros/jazzy/opt/gz_tools_vendor/bin:/opt/ros/jazzy/opt/gz_ogre_next_vendor/bin:/opt/ros/jazzy/bin:/usr/local/sbin:/usr/local/bin:/usr/sbin:/usr/bin:/sbin:/bin:/snap/bin', 'REMOTE_CONTAINERS_SOCKETS': '[]', 'DISPLAY': 'host.docker.internal:0.0', 'LANG': 'C.UTF-8', 'LS_COLORS': 'rs=0:di=01;34:ln=01;36:mh=00:pi=40;33:so=01;35:do=01;35:bd=40;33;01:cd=40;33;01:or=40;31;01:mi=00:su=37;41:sg=30;43:ca=00:tw=30;42:ow=34;42:st=37;44:ex=01;32:*.tar=01;31:*.tgz=01;31:*.arc=01;31:*.arj=01;31:*.taz=01;31:*.lha=01;31:*.lz4=01;31:*.lzh=01;31:*.lzma=01;31:*.tlz=01;31:*.txz=01;31:*.tzo=01;31:*.t7z=01;31:*.zip=01;31:*.z=01;31:*.dz=01;31:*.gz=01;31:*.lrz=01;31:*.lz=01;31:*.lzo=01;31:*.xz=01;31:*.zst=01;31:*.tzst=01;31:*.bz2=01;31:*.bz=01;31:*.tbz=01;31:*.tbz2=01;31:*.tz=01;31:*.deb=01;31:*.rpm=01;31:*.jar=01;31:*.war=01;31:*.ear=01;31:*.sar=01;31:*.rar=01;31:*.alz=01;31:*.ace=01;31:*.zoo=01;31:*.cpio=01;31:*.7z=01;31:*.rz=01;31:*.cab=01;31:*.wim=01;31:*.swm=01;31:*.dwm=01;31:*.esd=01;31:*.avif=01;35:*.jpg=01;35:*.jpeg=01;35:*.mjpg=01;35:*.mjpeg=01;35:*.gif=01;35:*.bmp=01;35:*.pbm=01;35:*.pgm=01;35:*.ppm=01;35:*.tga=01;35:*.xbm=01;35:*.xpm=01;35:*.tif=01;35:*.tiff=01;35:*.png=01;35:*.svg=01;35:*.svgz=01;35:*.mng=01;35:*.pcx=01;35:*.mov=01;35:*.mpg=01;35:*.mpeg=01;35:*.m2v=01;35:*.mkv=01;35:*.webm=01;35:*.webp=01;35:*.ogm=01;35:*.mp4=01;35:*.m4v=01;35:*.mp4v=01;35:*.vob=01;35:*.qt=01;35:*.nuv=01;35:*.wmv=01;35:*.asf=01;35:*.rm=01;35:*.rmvb=01;35:*.flc=01;35:*.avi=01;35:*.fli=01;35:*.flv=01;35:*.gl=01;35:*.dl=01;35:*.xcf=01;35:*.xwd=01;35:*.yuv=01;35:*.cgm=01;35:*.emf=01;35:*.ogv=01;35:*.ogx=01;35:*.aac=00;36:*.au=00;36:*.flac=00;36:*.m4a=00;36:*.mid=00;36:*.midi=00;36:*.mka=00;36:*.mp3=00;36:*.mpc=00;36:*.ogg=00;36:*.ra=00;36:*.wav=00;36:*.oga=00;36:*.opus=00;36:*.spx=00;36:*.xspf=00;36:*~=00;90:*#=00;90:*.bak=00;90:*.crdownload=00;90:*.dpkg-dist=00;90:*.dpkg-new=00;90:*.dpkg-old=00;90:*.dpkg-tmp=00;90:*.old=00;90:*.orig=00;90:*.part=00;90:*.rej=00;90:*.rpmnew=00;90:*.rpmorig=00;90:*.rpmsave=00;90:*.swp=00;90:*.tmp=00;90:*.ucf-dist=00;90:*.ucf-new=00;90:*.ucf-old=00;90:', 'VSCODE_GIT_IPC_HANDLE': '/tmp/vscode-git-e3b1ede713.sock', 'TERM_PROGRAM': 'vscode', 'AMENT_PREFIX_PATH': '/opt/ros/jazzy', 'SHELL': '/bin/bash', 'ROS_AUTOMATIC_DISCOVERY_RANGE': 'SUBNET', 'VSCODE_GIT_ASKPASS_EXTRA_ARGS': '', 'PWD': '/home/ubuntu/ws/src/build/custom_message', 'LC_ALL': 'C.UTF-8', 'XDG_DATA_DIRS': '/usr/local/share:/usr/share:/var/lib/snapd/desktop', 'PYTHONPATH': '/opt/ros/jazzy/lib/python3.12/site-packages', 'COLCON': '1', 'CMAKE_PREFIX_PATH': '/opt/ros/jazzy/opt/gz_launch_vendor:/opt/ros/jazzy/opt/gz_sim_vendor:/opt/ros/jazzy/opt/gz_sensors_vendor:/opt/ros/jazzy/opt/gz_physics_vendor:/opt/ros/jazzy/opt/sdformat_vendor:/opt/ros/jazzy/opt/gz_gui_vendor:/opt/ros/jazzy/opt/gz_transport_vendor:/opt/ros/jazzy/opt/gz_rendering_vendor:/opt/ros/jazzy/opt/gz_plugin_vendor:/opt/ros/jazzy/opt/gz_fuel_tools_vendor:/opt/ros/jazzy/opt/gz_msgs_vendor:/opt/ros/jazzy/opt/gz_common_vendor:/opt/ros/jazzy/opt/gz_math_vendor:/opt/ros/jazzy/opt/gz_utils_vendor:/opt/ros/jazzy/opt/gz_tools_vendor:/opt/ros/jazzy/opt/gz_ogre_next_vendor:/opt/ros/jazzy/opt/gz_dartsim_vendor:/opt/ros/jazzy/opt/gz_cmake_vendor:/opt/ros/jazzy'}), 'shell': False}
[2.906098] (-) TimerEvent: {}
[2.939667] (custom_message) StdoutLine: {'line': b'[  1%] \x1b[34m\x1b[1mGenerating type hashes for ROS interfaces\x1b[0m\n'}
[2.947417] (custom_message) StdoutLine: {'line': b'[  1%] Built target ament_cmake_python_copy_custom_message\n'}
[3.006238] (-) TimerEvent: {}
[3.092391] (custom_message) StdoutLine: {'line': b'running egg_info\n'}
[3.092957] (custom_message) StdoutLine: {'line': b'creating custom_message.egg-info\n'}
[3.103264] (custom_message) StdoutLine: {'line': b'writing custom_message.egg-info/PKG-INFO\n'}
[3.103549] (custom_message) StdoutLine: {'line': b'writing dependency_links to custom_message.egg-info/dependency_links.txt\n'}
[3.103673] (custom_message) StdoutLine: {'line': b'writing top-level names to custom_message.egg-info/top_level.txt\n'}
[3.103830] (custom_message) StdoutLine: {'line': b"writing manifest file 'custom_message.egg-info/SOURCES.txt'\n"}
[3.106321] (-) TimerEvent: {}
[3.120595] (custom_message) StdoutLine: {'line': b'[  1%] Built target custom_message__rosidl_generator_type_description\n'}
[3.130750] (custom_message) StdoutLine: {'line': b'[  3%] \x1b[34m\x1b[1mGenerating C code for ROS interfaces\x1b[0m\n'}
[3.137011] (custom_message) StdoutLine: {'line': b"reading manifest file 'custom_message.egg-info/SOURCES.txt'\n"}
[3.137347] (custom_message) StdoutLine: {'line': b"writing manifest file 'custom_message.egg-info/SOURCES.txt'\n"}
[3.140618] (custom_message) StdoutLine: {'line': b'[  4%] \x1b[34m\x1b[1mGenerating C++ code for ROS interfaces\x1b[0m\n'}
[3.164639] (custom_message) StdoutLine: {'line': b'[  4%] Built target ament_cmake_python_build_custom_message_egg\n'}
[3.206466] (-) TimerEvent: {}
[3.306785] (-) TimerEvent: {}
[3.407126] (-) TimerEvent: {}
[3.450918] (custom_message) StdoutLine: {'line': b'[  4%] Built target custom_message__cpp\n'}
[3.506820] (custom_message) StdoutLine: {'line': b'[  6%] \x1b[32mBuilding C object CMakeFiles/custom_message__rosidl_generator_c.dir/rosidl_generator_c/custom_message/srv/detail/threshold__description.c.o\x1b[0m\n'}
[3.507072] (custom_message) StdoutLine: {'line': b'[  7%] \x1b[32mBuilding C object CMakeFiles/custom_message__rosidl_generator_c.dir/rosidl_generator_c/custom_message/msg/detail/distance__functions.c.o\x1b[0m\n'}
[3.507219] (-) TimerEvent: {}
[3.507387] (custom_message) StdoutLine: {'line': b'[ 10%] \x1b[32mBuilding C object CMakeFiles/custom_message__rosidl_generator_c.dir/rosidl_generator_c/custom_message/msg/detail/distance__description.c.o\x1b[0m\n'}
[3.507484] (custom_message) StdoutLine: {'line': b'[ 10%] \x1b[32mBuilding C object CMakeFiles/custom_message__rosidl_generator_c.dir/rosidl_generator_c/custom_message/msg/detail/distance__type_support.c.o\x1b[0m\n'}
[3.507974] (custom_message) StdoutLine: {'line': b'[ 12%] \x1b[32mBuilding C object CMakeFiles/custom_message__rosidl_generator_c.dir/rosidl_generator_c/custom_message/srv/detail/threshold__functions.c.o\x1b[0m\n'}
[3.509658] (custom_message) StdoutLine: {'line': b'[ 14%] \x1b[32mBuilding C object CMakeFiles/custom_message__rosidl_generator_c.dir/rosidl_generator_c/custom_message/srv/detail/average__description.c.o\x1b[0m\n'}
[3.509786] (custom_message) StdoutLine: {'line': b'[ 15%] \x1b[32mBuilding C object CMakeFiles/custom_message__rosidl_generator_c.dir/rosidl_generator_c/custom_message/srv/detail/threshold__type_support.c.o\x1b[0m\n'}
[3.512177] (custom_message) StdoutLine: {'line': b'[ 17%] \x1b[32mBuilding C object CMakeFiles/custom_message__rosidl_generator_c.dir/rosidl_generator_c/custom_message/srv/detail/average__functions.c.o\x1b[0m\n'}
[3.512498] (custom_message) StdoutLine: {'line': b'[ 18%] \x1b[32mBuilding C object CMakeFiles/custom_message__rosidl_generator_c.dir/rosidl_generator_c/custom_message/srv/detail/fix_point__functions.c.o\x1b[0m\n'}
[3.512642] (custom_message) StdoutLine: {'line': b'[ 20%] \x1b[32mBuilding C object CMakeFiles/custom_message__rosidl_generator_c.dir/rosidl_generator_c/custom_message/srv/detail/fix_point__type_support.c.o\x1b[0m\n'}
[3.512886] (custom_message) StdoutLine: {'line': b'[ 23%] \x1b[32mBuilding C object CMakeFiles/custom_message__rosidl_generator_c.dir/rosidl_generator_c/custom_message/srv/detail/fix_point__description.c.o\x1b[0m\n'}
[3.513066] (custom_message) StdoutLine: {'line': b'[ 23%] \x1b[32mBuilding C object CMakeFiles/custom_message__rosidl_generator_c.dir/rosidl_generator_c/custom_message/srv/detail/average__type_support.c.o\x1b[0m\n'}
[3.602832] (custom_message) StdoutLine: {'line': b'[ 25%] \x1b[32m\x1b[1mLinking C shared library libcustom_message__rosidl_generator_c.so\x1b[0m\n'}
[3.607357] (-) TimerEvent: {}
[3.636671] (custom_message) StdoutLine: {'line': b'[ 25%] Built target custom_message__rosidl_generator_c\n'}
[3.646326] (custom_message) StdoutLine: {'line': b'[ 26%] \x1b[34m\x1b[1mGenerating C type support dispatch for ROS interfaces\x1b[0m\n'}
[3.647770] (custom_message) StdoutLine: {'line': b'[ 28%] \x1b[34m\x1b[1mGenerating C++ type support for eProsima Fast-RTPS\x1b[0m\n'}
[3.648200] (custom_message) StdoutLine: {'line': b'[ 29%] \x1b[34m\x1b[1mGenerating C++ introspection for ROS interfaces\x1b[0m\n'}
[3.648362] (custom_message) StdoutLine: {'line': b'[ 31%] \x1b[34m\x1b[1mGenerating C++ type support dispatch for ROS interfaces\x1b[0m\n'}
[3.648641] (custom_message) StdoutLine: {'line': b'[ 32%] \x1b[34m\x1b[1mGenerating C introspection for ROS interfaces\x1b[0m\n'}
[3.649310] (custom_message) StdoutLine: {'line': b'[ 34%] \x1b[34m\x1b[1mGenerating C type support for eProsima Fast-RTPS\x1b[0m\n'}
[3.707553] (-) TimerEvent: {}
[3.807849] (-) TimerEvent: {}
[3.906590] (custom_message) StdoutLine: {'line': b'[ 39%] \x1b[32mBuilding CXX object CMakeFiles/custom_message__rosidl_typesupport_c.dir/rosidl_typesupport_c/custom_message/srv/threshold__type_support.cpp.o\x1b[0m\n'}
[3.906999] (custom_message) StdoutLine: {'line': b'[ 39%] \x1b[32mBuilding CXX object CMakeFiles/custom_message__rosidl_typesupport_c.dir/rosidl_typesupport_c/custom_message/srv/fix_point__type_support.cpp.o\x1b[0m\n'}
[3.907255] (custom_message) StdoutLine: {'line': b'[ 39%] \x1b[32mBuilding CXX object CMakeFiles/custom_message__rosidl_typesupport_c.dir/rosidl_typesupport_c/custom_message/msg/distance__type_support.cpp.o\x1b[0m\n'}
[3.907362] (custom_message) StdoutLine: {'line': b'[ 40%] \x1b[32mBuilding CXX object CMakeFiles/custom_message__rosidl_typesupport_c.dir/rosidl_typesupport_c/custom_message/srv/average__type_support.cpp.o\x1b[0m\n'}
[3.907952] (-) TimerEvent: {}
[3.946882] (custom_message) StdoutLine: {'line': b'[ 43%] \x1b[32mBuilding CXX object CMakeFiles/custom_message__rosidl_typesupport_cpp.dir/rosidl_typesupport_cpp/custom_message/msg/distance__type_support.cpp.o\x1b[0m\n'}
[3.947098] (custom_message) StdoutLine: {'line': b'[ 43%] \x1b[32mBuilding CXX object CMakeFiles/custom_message__rosidl_typesupport_cpp.dir/rosidl_typesupport_cpp/custom_message/srv/average__type_support.cpp.o\x1b[0m\n'}
[3.948303] (custom_message) StdoutLine: {'line': b'[ 45%] \x1b[32mBuilding CXX object CMakeFiles/custom_message__rosidl_typesupport_cpp.dir/rosidl_typesupport_cpp/custom_message/srv/fix_point__type_support.cpp.o\x1b[0m\n'}
[3.950994] (custom_message) StdoutLine: {'line': b'[ 46%] \x1b[32mBuilding CXX object CMakeFiles/custom_message__rosidl_typesupport_cpp.dir/rosidl_typesupport_cpp/custom_message/srv/threshold__type_support.cpp.o\x1b[0m\n'}
[3.961699] (custom_message) StdoutLine: {'line': b'[ 48%] \x1b[32mBuilding CXX object CMakeFiles/custom_message__rosidl_typesupport_introspection_cpp.dir/rosidl_typesupport_introspection_cpp/custom_message/msg/detail/distance__type_support.cpp.o\x1b[0m\n'}
[3.963410] (custom_message) StdoutLine: {'line': b'[ 50%] \x1b[32mBuilding CXX object CMakeFiles/custom_message__rosidl_typesupport_introspection_cpp.dir/rosidl_typesupport_introspection_cpp/custom_message/srv/detail/threshold__type_support.cpp.o\x1b[0m\n'}
[3.963776] (custom_message) StdoutLine: {'line': b'[ 51%] \x1b[32mBuilding CXX object CMakeFiles/custom_message__rosidl_typesupport_introspection_cpp.dir/rosidl_typesupport_introspection_cpp/custom_message/srv/detail/fix_point__type_support.cpp.o\x1b[0m\n'}
[3.963914] (custom_message) StdoutLine: {'line': b'[ 53%] \x1b[32mBuilding CXX object CMakeFiles/custom_message__rosidl_typesupport_introspection_cpp.dir/rosidl_typesupport_introspection_cpp/custom_message/srv/detail/average__type_support.cpp.o\x1b[0m\n'}
[3.983121] (custom_message) StdoutLine: {'line': b'[ 57%] \x1b[32mBuilding C object CMakeFiles/custom_message__rosidl_typesupport_introspection_c.dir/rosidl_typesupport_introspection_c/custom_message/srv/detail/average__type_support.c.o\x1b[0m\n'}
[3.983613] (custom_message) StdoutLine: {'line': b'[ 57%] \x1b[32m\x1b[1mLinking CXX shared library libcustom_message__rosidl_typesupport_c.so\x1b[0m\n'}
[3.983705] (custom_message) StdoutLine: {'line': b'[ 57%] \x1b[32mBuilding C object CMakeFiles/custom_message__rosidl_typesupport_introspection_c.dir/rosidl_typesupport_introspection_c/custom_message/msg/detail/distance__type_support.c.o\x1b[0m\n'}
[3.985565] (custom_message) StdoutLine: {'line': b'[ 59%] \x1b[32mBuilding C object CMakeFiles/custom_message__rosidl_typesupport_introspection_c.dir/rosidl_typesupport_introspection_c/custom_message/srv/detail/fix_point__type_support.c.o\x1b[0m\n'}
[3.986733] (custom_message) StdoutLine: {'line': b'[ 60%] \x1b[32mBuilding C object CMakeFiles/custom_message__rosidl_typesupport_introspection_c.dir/rosidl_typesupport_introspection_c/custom_message/srv/detail/threshold__type_support.c.o\x1b[0m\n'}
[4.008090] (-) TimerEvent: {}
[4.047560] (custom_message) StdoutLine: {'line': b'[ 60%] Built target custom_message__rosidl_typesupport_c\n'}
[4.048304] (custom_message) StdoutLine: {'line': b'[ 62%] \x1b[32m\x1b[1mLinking C shared library libcustom_message__rosidl_typesupport_introspection_c.so\x1b[0m\n'}
[4.103728] (custom_message) StdoutLine: {'line': b'[ 62%] Built target custom_message__rosidl_typesupport_introspection_c\n'}
[4.105964] (custom_message) StdoutLine: {'line': b'[ 64%] \x1b[32mBuilding CXX object CMakeFiles/custom_message__rosidl_typesupport_fastrtps_cpp.dir/rosidl_typesupport_fastrtps_cpp/custom_message/msg/detail/dds_fastrtps/distance__type_support.cpp.o\x1b[0m\n'}
[4.106335] (custom_message) StdoutLine: {'line': b'[ 67%] \x1b[32mBuilding CXX object CMakeFiles/custom_message__rosidl_typesupport_fastrtps_cpp.dir/rosidl_typesupport_fastrtps_cpp/custom_message/srv/detail/dds_fastrtps/threshold__type_support.cpp.o\x1b[0m\n'}
[4.106463] (custom_message) StdoutLine: {'line': b'[ 67%] \x1b[32mBuilding CXX object CMakeFiles/custom_message__rosidl_typesupport_fastrtps_cpp.dir/rosidl_typesupport_fastrtps_cpp/custom_message/srv/detail/dds_fastrtps/average__type_support.cpp.o\x1b[0m\n'}
[4.108052] (custom_message) StdoutLine: {'line': b'[ 68%] \x1b[32mBuilding CXX object CMakeFiles/custom_message__rosidl_typesupport_fastrtps_cpp.dir/rosidl_typesupport_fastrtps_cpp/custom_message/srv/detail/dds_fastrtps/fix_point__type_support.cpp.o\x1b[0m\n'}
[4.108291] (-) TimerEvent: {}
[4.194590] (custom_message) StdoutLine: {'line': b'[ 70%] \x1b[32mBuilding CXX object CMakeFiles/custom_message__rosidl_typesupport_fastrtps_c.dir/rosidl_typesupport_fastrtps_c/custom_message/srv/detail/fix_point__type_support_c.cpp.o\x1b[0m\n'}
[4.194848] (custom_message) StdoutLine: {'line': b'[ 73%] \x1b[32mBuilding CXX object CMakeFiles/custom_message__rosidl_typesupport_fastrtps_c.dir/rosidl_typesupport_fastrtps_c/custom_message/srv/detail/threshold__type_support_c.cpp.o\x1b[0m\n'}
[4.194938] (custom_message) StdoutLine: {'line': b'[ 75%] \x1b[32mBuilding CXX object CMakeFiles/custom_message__rosidl_typesupport_fastrtps_c.dir/rosidl_typesupport_fastrtps_c/custom_message/msg/detail/distance__type_support_c.cpp.o\x1b[0m\n'}
[4.195012] (custom_message) StdoutLine: {'line': b'[ 75%] \x1b[32mBuilding CXX object CMakeFiles/custom_message__rosidl_typesupport_fastrtps_c.dir/rosidl_typesupport_fastrtps_c/custom_message/srv/detail/average__type_support_c.cpp.o\x1b[0m\n'}
[4.208490] (-) TimerEvent: {}
[4.308874] (-) TimerEvent: {}
[4.409504] (-) TimerEvent: {}
[4.510131] (-) TimerEvent: {}
[4.552889] (custom_message) StdoutLine: {'line': b'[ 76%] \x1b[32m\x1b[1mLinking CXX shared library libcustom_message__rosidl_typesupport_cpp.so\x1b[0m\n'}
[4.597324] (custom_message) StdoutLine: {'line': b'[ 78%] \x1b[32m\x1b[1mLinking CXX shared library libcustom_message__rosidl_typesupport_introspection_cpp.so\x1b[0m\n'}
[4.610355] (-) TimerEvent: {}
[4.668094] (custom_message) StdoutLine: {'line': b'[ 78%] Built target custom_message__rosidl_typesupport_cpp\n'}
[4.707981] (custom_message) StdoutLine: {'line': b'[ 78%] Built target custom_message__rosidl_typesupport_introspection_cpp\n'}
[4.710451] (-) TimerEvent: {}
[4.810807] (-) TimerEvent: {}
[4.845882] (custom_message) StdoutLine: {'line': b'[ 79%] \x1b[32m\x1b[1mLinking CXX shared library libcustom_message__rosidl_typesupport_fastrtps_c.so\x1b[0m\n'}
[4.910958] (-) TimerEvent: {}
[4.912252] (custom_message) StdoutLine: {'line': b'[ 81%] \x1b[32m\x1b[1mLinking CXX shared library libcustom_message__rosidl_typesupport_fastrtps_cpp.so\x1b[0m\n'}
[4.912745] (custom_message) StdoutLine: {'line': b'[ 81%] Built target custom_message__rosidl_typesupport_fastrtps_c\n'}
[4.974700] (custom_message) StdoutLine: {'line': b'[ 81%] Built target custom_message__rosidl_typesupport_fastrtps_cpp\n'}
[4.994269] (custom_message) StdoutLine: {'line': b'[ 81%] Built target custom_message\n'}
[5.011103] (-) TimerEvent: {}
[5.011923] (custom_message) StdoutLine: {'line': b'[ 82%] \x1b[34m\x1b[1mGenerating Python code for ROS interfaces\x1b[0m\n'}
[5.111220] (-) TimerEvent: {}
[5.211530] (-) TimerEvent: {}
[5.311831] (-) TimerEvent: {}
[5.412172] (-) TimerEvent: {}
[5.500916] (custom_message) StdoutLine: {'line': b'[ 82%] Built target custom_message__py\n'}
[5.512317] (-) TimerEvent: {}
[5.522712] (custom_message) StdoutLine: {'line': b'[ 87%] \x1b[32mBuilding C object CMakeFiles/custom_message__rosidl_generator_py.dir/rosidl_generator_py/custom_message/msg/_distance_s.c.o\x1b[0m\n'}
[5.523358] (custom_message) StdoutLine: {'line': b'[ 87%] \x1b[32mBuilding C object CMakeFiles/custom_message__rosidl_generator_py.dir/rosidl_generator_py/custom_message/srv/_fix_point_s.c.o\x1b[0m\n'}
[5.523497] (custom_message) StdoutLine: {'line': b'[ 87%] \x1b[32mBuilding C object CMakeFiles/custom_message__rosidl_generator_py.dir/rosidl_generator_py/custom_message/srv/_average_s.c.o\x1b[0m\n'}
[5.523552] (custom_message) StdoutLine: {'line': b'[ 89%] \x1b[32mBuilding C object CMakeFiles/custom_message__rosidl_generator_py.dir/rosidl_generator_py/custom_message/srv/_threshold_s.c.o\x1b[0m\n'}
[5.612512] (-) TimerEvent: {}
[5.712991] (-) TimerEvent: {}
[5.813068] (custom_message) StdoutLine: {'line': b'[ 90%] \x1b[32m\x1b[1mLinking C shared library libcustom_message__rosidl_generator_py.so\x1b[0m\n'}
[5.813279] (-) TimerEvent: {}
[5.861592] (custom_message) StdoutLine: {'line': b'[ 90%] Built target custom_message__rosidl_generator_py\n'}
[5.885533] (custom_message) StdoutLine: {'line': b'[ 92%] \x1b[32mBuilding C object CMakeFiles/custom_message_s__rosidl_typesupport_c.dir/rosidl_generator_py/custom_message/_custom_message_s.ep.rosidl_typesupport_c.c.o\x1b[0m\n'}
[5.886008] (custom_message) StdoutLine: {'line': b'[ 93%] \x1b[32mBuilding C object CMakeFiles/custom_message_s__rosidl_typesupport_introspection_c.dir/rosidl_generator_py/custom_message/_custom_message_s.ep.rosidl_typesupport_introspection_c.c.o\x1b[0m\n'}
[5.887458] (custom_message) StdoutLine: {'line': b'[ 95%] \x1b[32mBuilding C object CMakeFiles/custom_message_s__rosidl_typesupport_fastrtps_c.dir/rosidl_generator_py/custom_message/_custom_message_s.ep.rosidl_typesupport_fastrtps_c.c.o\x1b[0m\n'}
[5.913476] (-) TimerEvent: {}
[6.006060] (custom_message) StdoutLine: {'line': b'[ 96%] \x1b[32m\x1b[1mLinking C shared module rosidl_generator_py/custom_message/custom_message_s__rosidl_typesupport_c.so\x1b[0m\n'}
[6.008551] (custom_message) StdoutLine: {'line': b'[ 98%] \x1b[32m\x1b[1mLinking C shared module rosidl_generator_py/custom_message/custom_message_s__rosidl_typesupport_introspection_c.so\x1b[0m\n'}
[6.010335] (custom_message) StdoutLine: {'line': b'[100%] \x1b[32m\x1b[1mLinking C shared module rosidl_generator_py/custom_message/custom_message_s__rosidl_typesupport_fastrtps_c.so\x1b[0m\n'}
[6.013593] (-) TimerEvent: {}
[6.037260] (custom_message) StdoutLine: {'line': b'[100%] Built target custom_message_s__rosidl_typesupport_c\n'}
[6.037536] (custom_message) StdoutLine: {'line': b'[100%] Built target custom_message_s__rosidl_typesupport_introspection_c\n'}
[6.037587] (custom_message) StdoutLine: {'line': b'[100%] Built target custom_message_s__rosidl_typesupport_fastrtps_c\n'}
[6.049690] (custom_message) CommandEnded: {'returncode': 0}
[6.050425] (custom_message) JobProgress: {'identifier': 'custom_message', 'progress': 'install'}
[6.050683] (custom_message) Command: {'cmd': ['/usr/bin/cmake', '--install', '/home/ubuntu/ws/src/build/custom_message'], 'cwd': '/home/ubuntu/ws/src/build/custom_message', 'env': OrderedDict({'GZ_SIM_RESOURCE_PATH': '/home/ubuntu/gazebo_models', 'GZ_CONFIG_PATH': '/opt/ros/jazzy/opt/gz_launch_vendor/share/gz:/opt/ros/jazzy/opt/gz_sim_vendor/share/gz:/opt/ros/jazzy/opt/sdformat_vendor/share/gz:/opt/ros/jazzy/opt/gz_gui_vendor/share/gz:/opt/ros/jazzy/opt/gz_transport_vendor/share/gz:/opt/ros/jazzy/opt/gz_rendering_vendor/share/gz:/opt/ros/jazzy/opt/gz_plugin_vendor/share/gz:/opt/ros/jazzy/opt/gz_fuel_tools_vendor/share/gz:/opt/ros/jazzy/opt/gz_msgs_vendor/share/gz:/opt/ros/jazzy/opt/gz_common_vendor/share/gz', 'HOSTNAME': 'docker-desktop', 'GIT_ASKPASS': '/root/.vscode-server/bin/94e8ae2b28cb5cc932b86e1070569c4463565c37/extensions/git/dist/askpass.sh', 'SHLVL': '2', 'LD_LIBRARY_PATH': '/opt/ros/jazzy/opt/gz_launch_vendor/lib:/opt/ros/jazzy/opt/gz_sim_vendor/lib:/opt/ros/jazzy/opt/gz_sensors_vendor/lib:/opt/ros/jazzy/opt/gz_physics_vendor/lib:/opt/ros/jazzy/opt/sdformat_vendor/lib:/opt/ros/jazzy/opt/rviz_ogre_vendor/lib:/opt/ros/jazzy/lib/x86_64-linux-gnu:/opt/ros/jazzy/opt/gz_gui_vendor/lib:/opt/ros/jazzy/opt/gz_transport_vendor/lib:/opt/ros/jazzy/opt/gz_rendering_vendor/lib:/opt/ros/jazzy/opt/gz_plugin_vendor/lib:/opt/ros/jazzy/opt/gz_fuel_tools_vendor/lib:/opt/ros/jazzy/opt/gz_msgs_vendor/lib:/opt/ros/jazzy/opt/gz_common_vendor/lib:/opt/ros/jazzy/opt/gz_math_vendor/lib:/opt/ros/jazzy/opt/gz_utils_vendor/lib:/opt/ros/jazzy/opt/gz_tools_vendor/lib:/opt/ros/jazzy/opt/gz_ogre_next_vendor/lib:/opt/ros/jazzy/opt/gz_dartsim_vendor/lib:/opt/ros/jazzy/opt/gz_cmake_vendor/lib:/opt/ros/jazzy/lib', 'BROWSER': '/root/.vscode-server/bin/94e8ae2b28cb5cc932b86e1070569c4463565c37/bin/helpers/browser.sh', 'HOME': '/root', 'OLDPWD': '/home/ubuntu/ws', 'TERM_PROGRAM_VERSION': '1.108.0', 'VSCODE_IPC_HOOK_CLI': '/tmp/vscode-ipc-44e8f9ff-a371-4e2d-8446-1a5594ba9099.sock', 'ROS_PYTHON_VERSION': '3', 'VSCODE_GIT_ASKPASS_MAIN': '/root/.vscode-server/bin/94e8ae2b28cb5cc932b86e1070569c4463565c37/extensions/git/dist/askpass-main.js', 'VSCODE_GIT_ASKPASS_NODE': '/root/.vscode-server/bin/94e8ae2b28cb5cc932b86e1070569c4463565c37/node', 'VSCODE_PYTHON_AUTOACTIVATE_GUARD': '1', 'COLORTERM': 'truecolor', 'REMOTE_CONTAINERS': 'true', 'ROS_DISTRO': 'jazzy', 'REMOTE_CONTAINERS_IPC': '/tmp/vscode-remote-containers-ipc-01e824b0-18fa-4b10-b8e9-9248ae707c49.sock', '_': '/usr/bin/colcon', 'ROS_VERSION': '2', 'TERM': 'xterm-256color', 'PATH': '/root/.vscode-server/data/User/globalStorage/github.copilot-chat/debugCommand:/root/.vscode-server/data/User/globalStorage/github.copilot-chat/copilotCli:/root/.vscode-server/bin/94e8ae2b28cb5cc932b86e1070569c4463565c37/bin/remote-cli:/opt/ros/jazzy/opt/gz_msgs_vendor/bin:/opt/ros/jazzy/opt/gz_tools_vendor/bin:/opt/ros/jazzy/opt/gz_ogre_next_vendor/bin:/opt/ros/jazzy/bin:/usr/local/sbin:/usr/local/bin:/usr/sbin:/usr/bin:/sbin:/bin:/snap/bin', 'REMOTE_CONTAINERS_SOCKETS': '[]', 'DISPLAY': 'host.docker.internal:0.0', 'LANG': 'C.UTF-8', 'LS_COLORS': 'rs=0:di=01;34:ln=01;36:mh=00:pi=40;33:so=01;35:do=01;35:bd=40;33;01:cd=40;33;01:or=40;31;01:mi=00:su=37;41:sg=30;43:ca=00:tw=30;42:ow=34;42:st=37;44:ex=01;32:*.tar=01;31:*.tgz=01;31:*.arc=01;31:*.arj=01;31:*.taz=01;31:*.lha=01;31:*.lz4=01;31:*.lzh=01;31:*.lzma=01;31:*.tlz=01;31:*.txz=01;31:*.tzo=01;31:*.t7z=01;31:*.zip=01;31:*.z=01;31:*.dz=01;31:*.gz=01;31:*.lrz=01;31:*.lz=01;31:*.lzo=01;31:*.xz=01;31:*.zst=01;31:*.tzst=01;31:*.bz2=01;31:*.bz=01;31:*.tbz=01;31:*.tbz2=01;31:*.tz=01;31:*.deb=01;31:*.rpm=01;31:*.jar=01;31:*.war=01;31:*.ear=01;31:*.sar=01;31:*.rar=01;31:*.alz=01;31:*.ace=01;31:*.zoo=01;31:*.cpio=01;31:*.7z=01;31:*.rz=01;31:*.cab=01;31:*.wim=01;31:*.swm=01;31:*.dwm=01;31:*.esd=01;31:*.avif=01;35:*.jpg=01;35:*.jpeg=01;35:*.mjpg=01;35:*.mjpeg=01;35:*.gif=01;35:*.bmp=01;35:*.pbm=01;35:*.pgm=01;35:*.ppm=01;35:*.tga=01;35:*.xbm=01;35:*.xpm=01;35:*.tif=01;35:*.tiff=01;35:*.png=01;35:*.svg=01;35:*.svgz=01;35:*.mng=01;35:*.pcx=01;35:*.mov=01;35:*.mpg=01;35:*.mpeg=01;35:*.m2v=01;35:*.mkv=01;35:*.webm=01;35:*.webp=01;35:*.ogm=01;35:*.mp4=01;35:*.m4v=01;35:*.mp4v=01;35:*.vob=01;35:*.qt=01;35:*.nuv=01;35:*.wmv=01;35:*.asf=01;35:*.rm=01;35:*.rmvb=01;35:*.flc=01;35:*.avi=01;35:*.fli=01;35:*.flv=01;35:*.gl=01;35:*.dl=01;35:*.xcf=01;35:*.xwd=01;35:*.yuv=01;35:*.cgm=01;35:*.emf=01;35:*.ogv=01;35:*.ogx=01;35:*.aac=00;36:*.au=00;36:*.flac=00;36:*.m4a=00;36:*.mid=00;36:*.midi=00;36:*.mka=00;36:*.mp3=00;36:*.mpc=00;36:*.ogg=00;36:*.ra=00;36:*.wav=00;36:*.oga=00;36:*.opus=00;36:*.spx=00;36:*.xspf=00;36:*~=00;90:*#=00;90:*.bak=00;90:*.crdownload=00;90:*.dpkg-dist=00;90:*.dpkg-new=00;90:*.dpkg-old=00;90:*.dpkg-tmp=00;90:*.old=00;90:*.orig=00;90:*.part=00;90:*.rej=00;90:*.rpmnew=00;90:*.rpmorig=00;90:*.rpmsave=00;90:*.swp=00;90:*.tmp=00;90:*.ucf-dist=00;90:*.ucf-new=00;90:*.ucf-old=00;90:', 'VSCODE_GIT_IPC_HANDLE': '/tmp/vscode-git-e3b1ede713.sock', 'TERM_PROGRAM': 'vscode', 'AMENT_PREFIX_PATH': '/opt/ros/jazzy', 'SHELL': '/bin/bash', 'ROS_AUTOMATIC_DISCOVERY_RANGE': 'SUBNET', 'VSCODE_GIT_ASKPASS_EXTRA_ARGS': '', 'PWD': '/home/ubuntu/ws/src/build/custom_message', 'LC_ALL': 'C.UTF-8', 'XDG_DATA_DIRS': '/usr/local/share:/usr/share:/var/lib/snapd/desktop', 'PYTHONPATH': '/opt/ros/jazzy/lib/python3.12/site-packages', 'COLCON': '1', 'CMAKE_PREFIX_PATH': '/opt/ros/jazzy/opt/gz_launch_vendor:/opt/ros/jazzy/opt/gz_sim_vendor:/opt/ros/jazzy/opt/gz_sensors_vendor:/opt/ros/jazzy/opt/gz_physics_vendor:/opt/ros/jazzy/opt/sdformat_vendor:/opt/ros/jazzy/opt/gz_gui_vendor:/opt/ros/jazzy/opt/gz_transport_vendor:/opt/ros/jazzy/opt/gz_rendering_vendor:/opt/ros/jazzy/opt/gz_plugin_vendor:/opt/ros/jazzy/opt/gz_fuel_tools_vendor:/opt/ros/jazzy/opt/gz_msgs_vendor:/opt/ros/jazzy/opt/gz_common_vendor:/opt/ros/jazzy/opt/gz_math_vendor:/opt/ros/jazzy/opt/gz_utils_vendor:/opt/ros/jazzy/opt/gz_tools_vendor:/opt/ros/jazzy/opt/gz_ogre_next_vendor:/opt/ros/jazzy/opt/gz_dartsim_vendor:/opt/ros/jazzy/opt/gz_cmake_vendor:/opt/ros/jazzy'}), 'shell': False}
[6.058351] (custom_message) StdoutLine: {'line': b'-- Install configuration: ""\n'}
[6.058961] (custom_message) StdoutLine: {'line': b'-- Installing: /home/ubuntu/ws/src/install/custom_message/share/ament_index/resource_index/rosidl_interfaces/custom_message\n'}
[6.059413] (custom_message) StdoutLine: {'line': b'-- Installing: /home/ubuntu/ws/src/install/custom_message/share/custom_message/msg/Distance.json\n'}
[6.059785] (custom_message) StdoutLine: {'line': b'-- Installing: /home/ubuntu/ws/src/install/custom_message/share/custom_message/srv/Threshold.json\n'}
[6.060059] (custom_message) StdoutLine: {'line': b'-- Installing: /home/ubuntu/ws/src/install/custom_message/share/custom_message/srv/Average.json\n'}
[6.060114] (custom_message) StdoutLine: {'line': b'-- Installing: /home/ubuntu/ws/src/install/custom_message/share/custom_message/srv/FixPoint.json\n'}
[6.060165] (custom_message) StdoutLine: {'line': b'-- Installing: /home/ubuntu/ws/src/install/custom_message/include/custom_message/custom_message\n'}
[6.060389] (custom_message) StdoutLine: {'line': b'-- Installing: /home/ubuntu/ws/src/install/custom_message/include/custom_message/custom_message/srv\n'}
[6.060665] (custom_message) StdoutLine: {'line': b'-- Installing: /home/ubuntu/ws/src/install/custom_message/include/custom_message/custom_message/srv/detail\n'}
[6.061136] (custom_message) StdoutLine: {'line': b'-- Installing: /home/ubuntu/ws/src/install/custom_message/include/custom_message/custom_message/srv/detail/fix_point__description.c\n'}
[6.061301] (custom_message) StdoutLine: {'line': b'-- Installing: /home/ubuntu/ws/src/install/custom_message/include/custom_message/custom_message/srv/detail/threshold__type_support.c\n'}
[6.061530] (custom_message) StdoutLine: {'line': b'-- Installing: /home/ubuntu/ws/src/install/custom_message/include/custom_message/custom_message/srv/detail/average__type_support.c\n'}
[6.061778] (custom_message) StdoutLine: {'line': b'-- Installing: /home/ubuntu/ws/src/install/custom_message/include/custom_message/custom_message/srv/detail/average__struct.h\n'}
[6.061873] (custom_message) StdoutLine: {'line': b'-- Installing: /home/ubuntu/ws/src/install/custom_message/include/custom_message/custom_message/srv/detail/fix_point__functions.c\n'}
[6.062041] (custom_message) StdoutLine: {'line': b'-- Installing: /home/ubuntu/ws/src/install/custom_message/include/custom_message/custom_message/srv/detail/fix_point__type_support.c\n'}
[6.062097] (custom_message) StdoutLine: {'line': b'-- Installing: /home/ubuntu/ws/src/install/custom_message/include/custom_message/custom_message/srv/detail/threshold__type_support.h\n'}
[6.062373] (custom_message) StdoutLine: {'line': b'-- Installing: /home/ubuntu/ws/src/install/custom_message/include/custom_message/custom_message/srv/detail/average__description.c\n'}
[6.062506] (custom_message) StdoutLine: {'line': b'-- Installing: /home/ubuntu/ws/src/install/custom_message/include/custom_message/custom_message/srv/detail/threshold__struct.h\n'}
[6.062591] (custom_message) StdoutLine: {'line': b'-- Installing: /home/ubuntu/ws/src/install/custom_message/include/custom_message/custom_message/srv/detail/threshold__description.c\n'}
[6.062701] (custom_message) StdoutLine: {'line': b'-- Installing: /home/ubuntu/ws/src/install/custom_message/include/custom_message/custom_message/srv/detail/fix_point__type_support.h\n'}
[6.062902] (custom_message) StdoutLine: {'line': b'-- Installing: /home/ubuntu/ws/src/install/custom_message/include/custom_message/custom_message/srv/detail/average__functions.c\n'}
[6.062964] (custom_message) StdoutLine: {'line': b'-- Installing: /home/ubuntu/ws/src/install/custom_message/include/custom_message/custom_message/srv/detail/average__type_support.h\n'}
[6.063004] (custom_message) StdoutLine: {'line': b'-- Installing: /home/ubuntu/ws/src/install/custom_message/include/custom_message/custom_message/srv/detail/threshold__functions.h\n'}
[6.063089] (custom_message) StdoutLine: {'line': b'-- Installing: /home/ubuntu/ws/src/install/custom_message/include/custom_message/custom_message/srv/detail/threshold__functions.c\n'}
[6.063129] (custom_message) StdoutLine: {'line': b'-- Installing: /home/ubuntu/ws/src/install/custom_message/include/custom_message/custom_message/srv/detail/fix_point__functions.h\n'}
[6.063261] (custom_message) StdoutLine: {'line': b'-- Installing: /home/ubuntu/ws/src/install/custom_message/include/custom_message/custom_message/srv/detail/fix_point__struct.h\n'}
[6.063530] (custom_message) StdoutLine: {'line': b'-- Installing: /home/ubuntu/ws/src/install/custom_message/include/custom_message/custom_message/srv/detail/average__functions.h\n'}
[6.063664] (custom_message) StdoutLine: {'line': b'-- Installing: /home/ubuntu/ws/src/install/custom_message/include/custom_message/custom_message/srv/average.h\n'}
[6.063831] (custom_message) StdoutLine: {'line': b'-- Installing: /home/ubuntu/ws/src/install/custom_message/include/custom_message/custom_message/srv/threshold.h\n'}
[6.063891] (custom_message) StdoutLine: {'line': b'-- Installing: /home/ubuntu/ws/src/install/custom_message/include/custom_message/custom_message/srv/fix_point.h\n'}
[6.063929] (custom_message) StdoutLine: {'line': b'-- Installing: /home/ubuntu/ws/src/install/custom_message/include/custom_message/custom_message/msg\n'}
[6.064261] (custom_message) StdoutLine: {'line': b'-- Installing: /home/ubuntu/ws/src/install/custom_message/include/custom_message/custom_message/msg/detail\n'}
[6.064391] (custom_message) StdoutLine: {'line': b'-- Installing: /home/ubuntu/ws/src/install/custom_message/include/custom_message/custom_message/msg/detail/distance__functions.c\n'}
[6.064630] (custom_message) StdoutLine: {'line': b'-- Installing: /home/ubuntu/ws/src/install/custom_message/include/custom_message/custom_message/msg/detail/distance__functions.h\n'}
[6.064698] (custom_message) StdoutLine: {'line': b'-- Installing: /home/ubuntu/ws/src/install/custom_message/include/custom_message/custom_message/msg/detail/distance__type_support.c\n'}
[6.064866] (custom_message) StdoutLine: {'line': b'-- Installing: /home/ubuntu/ws/src/install/custom_message/include/custom_message/custom_message/msg/detail/distance__description.c\n'}
[6.065084] (custom_message) StdoutLine: {'line': b'-- Installing: /home/ubuntu/ws/src/install/custom_message/include/custom_message/custom_message/msg/detail/distance__type_support.h\n'}
[6.065177] (custom_message) StdoutLine: {'line': b'-- Installing: /home/ubuntu/ws/src/install/custom_message/include/custom_message/custom_message/msg/detail/distance__struct.h\n'}
[6.065474] (custom_message) StdoutLine: {'line': b'-- Installing: /home/ubuntu/ws/src/install/custom_message/include/custom_message/custom_message/msg/distance.h\n'}
[6.065560] (custom_message) StdoutLine: {'line': b'-- Installing: /home/ubuntu/ws/src/install/custom_message/include/custom_message/custom_message/msg/rosidl_generator_c__visibility_control.h\n'}
[6.065646] (custom_message) StdoutLine: {'line': b'-- Installing: /home/ubuntu/ws/src/install/custom_message/share/custom_message/environment/library_path.sh\n'}
[6.065803] (custom_message) StdoutLine: {'line': b'-- Installing: /home/ubuntu/ws/src/install/custom_message/share/custom_message/environment/library_path.dsv\n'}
[6.066084] (custom_message) StdoutLine: {'line': b'-- Installing: /home/ubuntu/ws/src/install/custom_message/lib/libcustom_message__rosidl_generator_c.so\n'}
[6.066452] (custom_message) StdoutLine: {'line': b'-- Set non-toolchain portion of runtime path of "/home/ubuntu/ws/src/install/custom_message/lib/libcustom_message__rosidl_generator_c.so" to ""\n'}
[6.066609] (custom_message) StdoutLine: {'line': b'-- Up-to-date: /home/ubuntu/ws/src/install/custom_message/include/custom_message/custom_message\n'}
[6.066768] (custom_message) StdoutLine: {'line': b'-- Up-to-date: /home/ubuntu/ws/src/install/custom_message/include/custom_message/custom_message/srv\n'}
[6.066905] (custom_message) StdoutLine: {'line': b'-- Up-to-date: /home/ubuntu/ws/src/install/custom_message/include/custom_message/custom_message/srv/detail\n'}
[6.067027] (custom_message) StdoutLine: {'line': b'-- Installing: /home/ubuntu/ws/src/install/custom_message/include/custom_message/custom_message/srv/detail/threshold__rosidl_typesupport_fastrtps_c.h\n'}
[6.067240] (custom_message) StdoutLine: {'line': b'-- Installing: /home/ubuntu/ws/src/install/custom_message/include/custom_message/custom_message/srv/detail/average__rosidl_typesupport_fastrtps_c.h\n'}
[6.067312] (custom_message) StdoutLine: {'line': b'-- Installing: /home/ubuntu/ws/src/install/custom_message/include/custom_message/custom_message/srv/detail/fix_point__rosidl_typesupport_fastrtps_c.h\n'}
[6.067543] (custom_message) StdoutLine: {'line': b'-- Up-to-date: /home/ubuntu/ws/src/install/custom_message/include/custom_message/custom_message/msg\n'}
[6.067587] (custom_message) StdoutLine: {'line': b'-- Up-to-date: /home/ubuntu/ws/src/install/custom_message/include/custom_message/custom_message/msg/detail\n'}
[6.067635] (custom_message) StdoutLine: {'line': b'-- Installing: /home/ubuntu/ws/src/install/custom_message/include/custom_message/custom_message/msg/detail/distance__rosidl_typesupport_fastrtps_c.h\n'}
[6.067671] (custom_message) StdoutLine: {'line': b'-- Installing: /home/ubuntu/ws/src/install/custom_message/include/custom_message/custom_message/msg/rosidl_typesupport_fastrtps_c__visibility_control.h\n'}
[6.067714] (custom_message) StdoutLine: {'line': b'-- Installing: /home/ubuntu/ws/src/install/custom_message/lib/libcustom_message__rosidl_typesupport_fastrtps_c.so\n'}
[6.068021] (custom_message) StdoutLine: {'line': b'-- Set non-toolchain portion of runtime path of "/home/ubuntu/ws/src/install/custom_message/lib/libcustom_message__rosidl_typesupport_fastrtps_c.so" to ""\n'}
[6.068084] (custom_message) StdoutLine: {'line': b'-- Up-to-date: /home/ubuntu/ws/src/install/custom_message/include/custom_message/custom_message\n'}
[6.068181] (custom_message) StdoutLine: {'line': b'-- Up-to-date: /home/ubuntu/ws/src/install/custom_message/include/custom_message/custom_message/srv\n'}
[6.068302] (custom_message) StdoutLine: {'line': b'-- Up-to-date: /home/ubuntu/ws/src/install/custom_message/include/custom_message/custom_message/srv/detail\n'}
[6.068423] (custom_message) StdoutLine: {'line': b'-- Installing: /home/ubuntu/ws/src/install/custom_message/include/custom_message/custom_message/srv/detail/threshold__type_support.c\n'}
[6.068871] (custom_message) StdoutLine: {'line': b'-- Installing: /home/ubuntu/ws/src/install/custom_message/include/custom_message/custom_message/srv/detail/average__rosidl_typesupport_introspection_c.h\n'}
[6.068995] (custom_message) StdoutLine: {'line': b'-- Installing: /home/ubuntu/ws/src/install/custom_message/include/custom_message/custom_message/srv/detail/average__type_support.c\n'}
[6.069159] (custom_message) StdoutLine: {'line': b'-- Installing: /home/ubuntu/ws/src/install/custom_message/include/custom_message/custom_message/srv/detail/fix_point__type_support.c\n'}
[6.069277] (custom_message) StdoutLine: {'line': b'-- Installing: /home/ubuntu/ws/src/install/custom_message/include/custom_message/custom_message/srv/detail/threshold__rosidl_typesupport_introspection_c.h\n'}
[6.069415] (custom_message) StdoutLine: {'line': b'-- Installing: /home/ubuntu/ws/src/install/custom_message/include/custom_message/custom_message/srv/detail/fix_point__rosidl_typesupport_introspection_c.h\n'}
[6.069565] (custom_message) StdoutLine: {'line': b'-- Up-to-date: /home/ubuntu/ws/src/install/custom_message/include/custom_message/custom_message/msg\n'}
[6.069608] (custom_message) StdoutLine: {'line': b'-- Installing: /home/ubuntu/ws/src/install/custom_message/include/custom_message/custom_message/msg/rosidl_typesupport_introspection_c__visibility_control.h\n'}
[6.069645] (custom_message) StdoutLine: {'line': b'-- Up-to-date: /home/ubuntu/ws/src/install/custom_message/include/custom_message/custom_message/msg/detail\n'}
[6.069682] (custom_message) StdoutLine: {'line': b'-- Installing: /home/ubuntu/ws/src/install/custom_message/include/custom_message/custom_message/msg/detail/distance__type_support.c\n'}
[6.069750] (custom_message) StdoutLine: {'line': b'-- Installing: /home/ubuntu/ws/src/install/custom_message/include/custom_message/custom_message/msg/detail/distance__rosidl_typesupport_introspection_c.h\n'}
[6.069855] (custom_message) StdoutLine: {'line': b'-- Installing: /home/ubuntu/ws/src/install/custom_message/lib/libcustom_message__rosidl_typesupport_introspection_c.so\n'}
[6.069898] (custom_message) StdoutLine: {'line': b'-- Set non-toolchain portion of runtime path of "/home/ubuntu/ws/src/install/custom_message/lib/libcustom_message__rosidl_typesupport_introspection_c.so" to ""\n'}
[6.069937] (custom_message) StdoutLine: {'line': b'-- Installing: /home/ubuntu/ws/src/install/custom_message/lib/libcustom_message__rosidl_typesupport_c.so\n'}
[6.070066] (custom_message) StdoutLine: {'line': b'-- Set non-toolchain portion of runtime path of "/home/ubuntu/ws/src/install/custom_message/lib/libcustom_message__rosidl_typesupport_c.so" to ""\n'}
[6.070210] (custom_message) StdoutLine: {'line': b'-- Up-to-date: /home/ubuntu/ws/src/install/custom_message/include/custom_message/custom_message\n'}
[6.070568] (custom_message) StdoutLine: {'line': b'-- Up-to-date: /home/ubuntu/ws/src/install/custom_message/include/custom_message/custom_message/srv\n'}
[6.070676] (custom_message) StdoutLine: {'line': b'-- Installing: /home/ubuntu/ws/src/install/custom_message/include/custom_message/custom_message/srv/threshold.hpp\n'}
[6.070873] (custom_message) StdoutLine: {'line': b'-- Installing: /home/ubuntu/ws/src/install/custom_message/include/custom_message/custom_message/srv/fix_point.hpp\n'}
[6.070967] (custom_message) StdoutLine: {'line': b'-- Up-to-date: /home/ubuntu/ws/src/install/custom_message/include/custom_message/custom_message/srv/detail\n'}
[6.071150] (custom_message) StdoutLine: {'line': b'-- Installing: /home/ubuntu/ws/src/install/custom_message/include/custom_message/custom_message/srv/detail/threshold__type_support.hpp\n'}
[6.071212] (custom_message) StdoutLine: {'line': b'-- Installing: /home/ubuntu/ws/src/install/custom_message/include/custom_message/custom_message/srv/detail/fix_point__struct.hpp\n'}
[6.071459] (custom_message) StdoutLine: {'line': b'-- Installing: /home/ubuntu/ws/src/install/custom_message/include/custom_message/custom_message/srv/detail/threshold__struct.hpp\n'}
[6.071595] (custom_message) StdoutLine: {'line': b'-- Installing: /home/ubuntu/ws/src/install/custom_message/include/custom_message/custom_message/srv/detail/threshold__builder.hpp\n'}
[6.072011] (custom_message) StdoutLine: {'line': b'-- Installing: /home/ubuntu/ws/src/install/custom_message/include/custom_message/custom_message/srv/detail/fix_point__builder.hpp\n'}
[6.072120] (custom_message) StdoutLine: {'line': b'-- Installing: /home/ubuntu/ws/src/install/custom_message/include/custom_message/custom_message/srv/detail/threshold__traits.hpp\n'}
[6.072234] (custom_message) StdoutLine: {'line': b'-- Installing: /home/ubuntu/ws/src/install/custom_message/include/custom_message/custom_message/srv/detail/fix_point__type_support.hpp\n'}
[6.072325] (custom_message) StdoutLine: {'line': b'-- Installing: /home/ubuntu/ws/src/install/custom_message/include/custom_message/custom_message/srv/detail/average__type_support.hpp\n'}
[6.072428] (custom_message) StdoutLine: {'line': b'-- Installing: /home/ubuntu/ws/src/install/custom_message/include/custom_message/custom_message/srv/detail/average__struct.hpp\n'}
[6.072561] (custom_message) StdoutLine: {'line': b'-- Installing: /home/ubuntu/ws/src/install/custom_message/include/custom_message/custom_message/srv/detail/fix_point__traits.hpp\n'}
[6.072664] (custom_message) StdoutLine: {'line': b'-- Installing: /home/ubuntu/ws/src/install/custom_message/include/custom_message/custom_message/srv/detail/average__builder.hpp\n'}
[6.072902] (custom_message) StdoutLine: {'line': b'-- Installing: /home/ubuntu/ws/src/install/custom_message/include/custom_message/custom_message/srv/detail/average__traits.hpp\n'}
[6.073131] (custom_message) StdoutLine: {'line': b'-- Installing: /home/ubuntu/ws/src/install/custom_message/include/custom_message/custom_message/srv/average.hpp\n'}
[6.073250] (custom_message) StdoutLine: {'line': b'-- Up-to-date: /home/ubuntu/ws/src/install/custom_message/include/custom_message/custom_message/msg\n'}
[6.073366] (custom_message) StdoutLine: {'line': b'-- Installing: /home/ubuntu/ws/src/install/custom_message/include/custom_message/custom_message/msg/rosidl_generator_cpp__visibility_control.hpp\n'}
[6.073477] (custom_message) StdoutLine: {'line': b'-- Installing: /home/ubuntu/ws/src/install/custom_message/include/custom_message/custom_message/msg/distance.hpp\n'}
[6.073597] (custom_message) StdoutLine: {'line': b'-- Up-to-date: /home/ubuntu/ws/src/install/custom_message/include/custom_message/custom_message/msg/detail\n'}
[6.073715] (custom_message) StdoutLine: {'line': b'-- Installing: /home/ubuntu/ws/src/install/custom_message/include/custom_message/custom_message/msg/detail/distance__struct.hpp\n'}
[6.073796] (custom_message) StdoutLine: {'line': b'-- Installing: /home/ubuntu/ws/src/install/custom_message/include/custom_message/custom_message/msg/detail/distance__type_support.hpp\n'}
[6.074097] (custom_message) StdoutLine: {'line': b'-- Installing: /home/ubuntu/ws/src/install/custom_message/include/custom_message/custom_message/msg/detail/distance__builder.hpp\n'}
[6.074142] (custom_message) StdoutLine: {'line': b'-- Installing: /home/ubuntu/ws/src/install/custom_message/include/custom_message/custom_message/msg/detail/distance__traits.hpp\n'}
[6.074259] (custom_message) StdoutLine: {'line': b'-- Up-to-date: /home/ubuntu/ws/src/install/custom_message/include/custom_message/custom_message\n'}
[6.074366] (custom_message) StdoutLine: {'line': b'-- Up-to-date: /home/ubuntu/ws/src/install/custom_message/include/custom_message/custom_message/srv\n'}
[6.074440] (custom_message) StdoutLine: {'line': b'-- Up-to-date: /home/ubuntu/ws/src/install/custom_message/include/custom_message/custom_message/srv/detail\n'}
[6.074594] (custom_message) StdoutLine: {'line': b'-- Installing: /home/ubuntu/ws/src/install/custom_message/include/custom_message/custom_message/srv/detail/dds_fastrtps\n'}
[6.074723] (custom_message) StdoutLine: {'line': b'-- Installing: /home/ubuntu/ws/src/install/custom_message/include/custom_message/custom_message/srv/detail/fix_point__rosidl_typesupport_fastrtps_cpp.hpp\n'}
[6.074815] (custom_message) StdoutLine: {'line': b'-- Installing: /home/ubuntu/ws/src/install/custom_message/include/custom_message/custom_message/srv/detail/threshold__rosidl_typesupport_fastrtps_cpp.hpp\n'}
[6.074892] (custom_message) StdoutLine: {'line': b'-- Installing: /home/ubuntu/ws/src/install/custom_message/include/custom_message/custom_message/srv/detail/average__rosidl_typesupport_fastrtps_cpp.hpp\n'}
[6.074948] (custom_message) StdoutLine: {'line': b'-- Up-to-date: /home/ubuntu/ws/src/install/custom_message/include/custom_message/custom_message/msg\n'}
[6.075266] (custom_message) StdoutLine: {'line': b'-- Up-to-date: /home/ubuntu/ws/src/install/custom_message/include/custom_message/custom_message/msg/detail\n'}
[6.075499] (custom_message) StdoutLine: {'line': b'-- Installing: /home/ubuntu/ws/src/install/custom_message/include/custom_message/custom_message/msg/detail/dds_fastrtps\n'}
[6.075630] (custom_message) StdoutLine: {'line': b'-- Installing: /home/ubuntu/ws/src/install/custom_message/include/custom_message/custom_message/msg/detail/distance__rosidl_typesupport_fastrtps_cpp.hpp\n'}
[6.075942] (custom_message) StdoutLine: {'line': b'-- Installing: /home/ubuntu/ws/src/install/custom_message/include/custom_message/custom_message/msg/rosidl_typesupport_fastrtps_cpp__visibility_control.h\n'}
[6.076240] (custom_message) StdoutLine: {'line': b'-- Installing: /home/ubuntu/ws/src/install/custom_message/lib/libcustom_message__rosidl_typesupport_fastrtps_cpp.so\n'}
[6.076415] (custom_message) StdoutLine: {'line': b'-- Set non-toolchain portion of runtime path of "/home/ubuntu/ws/src/install/custom_message/lib/libcustom_message__rosidl_typesupport_fastrtps_cpp.so" to ""\n'}
[6.076459] (custom_message) StdoutLine: {'line': b'-- Up-to-date: /home/ubuntu/ws/src/install/custom_message/include/custom_message/custom_message\n'}
[6.076499] (custom_message) StdoutLine: {'line': b'-- Up-to-date: /home/ubuntu/ws/src/install/custom_message/include/custom_message/custom_message/srv\n'}
[6.076539] (custom_message) StdoutLine: {'line': b'-- Up-to-date: /home/ubuntu/ws/src/install/custom_message/include/custom_message/custom_message/srv/detail\n'}
[6.076794] (custom_message) StdoutLine: {'line': b'-- Installing: /home/ubuntu/ws/src/install/custom_message/include/custom_message/custom_message/srv/detail/fix_point__rosidl_typesupport_introspection_cpp.hpp\n'}
[6.076986] (custom_message) StdoutLine: {'line': b'-- Installing: /home/ubuntu/ws/src/install/custom_message/include/custom_message/custom_message/srv/detail/threshold__rosidl_typesupport_introspection_cpp.hpp\n'}
[6.077132] (custom_message) StdoutLine: {'line': b'-- Installing: /home/ubuntu/ws/src/install/custom_message/include/custom_message/custom_message/srv/detail/threshold__type_support.cpp\n'}
[6.077231] (custom_message) StdoutLine: {'line': b'-- Installing: /home/ubuntu/ws/src/install/custom_message/include/custom_message/custom_message/srv/detail/average__type_support.cpp\n'}
[6.077332] (custom_message) StdoutLine: {'line': b'-- Installing: /home/ubuntu/ws/src/install/custom_message/include/custom_message/custom_message/srv/detail/fix_point__type_support.cpp\n'}
[6.077457] (custom_message) StdoutLine: {'line': b'-- Installing: /home/ubuntu/ws/src/install/custom_message/include/custom_message/custom_message/srv/detail/average__rosidl_typesupport_introspection_cpp.hpp\n'}
[6.077609] (custom_message) StdoutLine: {'line': b'-- Up-to-date: /home/ubuntu/ws/src/install/custom_message/include/custom_message/custom_message/msg\n'}
[6.077706] (custom_message) StdoutLine: {'line': b'-- Up-to-date: /home/ubuntu/ws/src/install/custom_message/include/custom_message/custom_message/msg/detail\n'}
[6.077821] (custom_message) StdoutLine: {'line': b'-- Installing: /home/ubuntu/ws/src/install/custom_message/include/custom_message/custom_message/msg/detail/distance__type_support.cpp\n'}
[6.077942] (custom_message) StdoutLine: {'line': b'-- Installing: /home/ubuntu/ws/src/install/custom_message/include/custom_message/custom_message/msg/detail/distance__rosidl_typesupport_introspection_cpp.hpp\n'}
[6.078064] (custom_message) StdoutLine: {'line': b'-- Installing: /home/ubuntu/ws/src/install/custom_message/lib/libcustom_message__rosidl_typesupport_introspection_cpp.so\n'}
[6.078292] (custom_message) StdoutLine: {'line': b'-- Set non-toolchain portion of runtime path of "/home/ubuntu/ws/src/install/custom_message/lib/libcustom_message__rosidl_typesupport_introspection_cpp.so" to ""\n'}
[6.078664] (custom_message) StdoutLine: {'line': b'-- Installing: /home/ubuntu/ws/src/install/custom_message/lib/libcustom_message__rosidl_typesupport_cpp.so\n'}
[6.078799] (custom_message) StdoutLine: {'line': b'-- Set non-toolchain portion of runtime path of "/home/ubuntu/ws/src/install/custom_message/lib/libcustom_message__rosidl_typesupport_cpp.so" to ""\n'}
[6.078927] (custom_message) StdoutLine: {'line': b'-- Installing: /home/ubuntu/ws/src/install/custom_message/share/custom_message/environment/pythonpath.sh\n'}
[6.078993] (custom_message) StdoutLine: {'line': b'-- Installing: /home/ubuntu/ws/src/install/custom_message/share/custom_message/environment/pythonpath.dsv\n'}
[6.079101] (custom_message) StdoutLine: {'line': b'-- Installing: /home/ubuntu/ws/src/install/custom_message/lib/python3.12/site-packages/custom_message-0.0.0-py3.12.egg-info\n'}
[6.079205] (custom_message) StdoutLine: {'line': b'-- Installing: /home/ubuntu/ws/src/install/custom_message/lib/python3.12/site-packages/custom_message-0.0.0-py3.12.egg-info/PKG-INFO\n'}
[6.079574] (custom_message) StdoutLine: {'line': b'-- Installing: /home/ubuntu/ws/src/install/custom_message/lib/python3.12/site-packages/custom_message-0.0.0-py3.12.egg-info/SOURCES.txt\n'}
[6.079803] (custom_message) StdoutLine: {'line': b'-- Installing: /home/ubuntu/ws/src/install/custom_message/lib/python3.12/site-packages/custom_message-0.0.0-py3.12.egg-info/dependency_links.txt\n'}
[6.079923] (custom_message) StdoutLine: {'line': b'-- Installing: /home/ubuntu/ws/src/install/custom_message/lib/python3.12/site-packages/custom_message-0.0.0-py3.12.egg-info/top_level.txt\n'}
[6.080026] (custom_message) StdoutLine: {'line': b'-- Installing: /home/ubuntu/ws/src/install/custom_message/lib/python3.12/site-packages/custom_message\n'}
[6.080391] (custom_message) StdoutLine: {'line': b'-- Installing: /home/ubuntu/ws/src/install/custom_message/lib/python3.12/site-packages/custom_message/_custom_message_s.ep.rosidl_typesupport_c.c\n'}
[6.080563] (custom_message) StdoutLine: {'line': b'-- Installing: /home/ubuntu/ws/src/install/custom_message/lib/python3.12/site-packages/custom_message/__init__.py\n'}
[6.080737] (custom_message) StdoutLine: {'line': b'-- Installing: /home/ubuntu/ws/src/install/custom_message/lib/python3.12/site-packages/custom_message/custom_message_s__rosidl_typesupport_c.so\n'}
[6.080798] (custom_message) StdoutLine: {'line': b'-- Installing: /home/ubuntu/ws/src/install/custom_message/lib/python3.12/site-packages/custom_message/srv\n'}
[6.080858] (custom_message) StdoutLine: {'line': b'-- Installing: /home/ubuntu/ws/src/install/custom_message/lib/python3.12/site-packages/custom_message/srv/_average.py\n'}
[6.080966] (custom_message) StdoutLine: {'line': b'-- Installing: /home/ubuntu/ws/src/install/custom_message/lib/python3.12/site-packages/custom_message/srv/_threshold.py\n'}
[6.081076] (custom_message) StdoutLine: {'line': b'-- Installing: /home/ubuntu/ws/src/install/custom_message/lib/python3.12/site-packages/custom_message/srv/_fix_point.py\n'}
[6.081186] (custom_message) StdoutLine: {'line': b'-- Installing: /home/ubuntu/ws/src/install/custom_message/lib/python3.12/site-packages/custom_message/srv/_threshold_s.c\n'}
[6.081269] (custom_message) StdoutLine: {'line': b'-- Installing: /home/ubuntu/ws/src/install/custom_message/lib/python3.12/site-packages/custom_message/srv/__init__.py\n'}
[6.081493] (custom_message) StdoutLine: {'line': b'-- Installing: /home/ubuntu/ws/src/install/custom_message/lib/python3.12/site-packages/custom_message/srv/_fix_point_s.c\n'}
[6.081568] (custom_message) StdoutLine: {'line': b'-- Installing: /home/ubuntu/ws/src/install/custom_message/lib/python3.12/site-packages/custom_message/srv/_average_s.c\n'}
[6.081763] (custom_message) StdoutLine: {'line': b'-- Installing: /home/ubuntu/ws/src/install/custom_message/lib/python3.12/site-packages/custom_message/_custom_message_s.ep.rosidl_typesupport_introspection_c.c\n'}
[6.082025] (custom_message) StdoutLine: {'line': b'-- Installing: /home/ubuntu/ws/src/install/custom_message/lib/python3.12/site-packages/custom_message/msg\n'}
[6.082090] (custom_message) StdoutLine: {'line': b'-- Installing: /home/ubuntu/ws/src/install/custom_message/lib/python3.12/site-packages/custom_message/msg/_distance_s.c\n'}
[6.082132] (custom_message) StdoutLine: {'line': b'-- Installing: /home/ubuntu/ws/src/install/custom_message/lib/python3.12/site-packages/custom_message/msg/_distance.py\n'}
[6.082171] (custom_message) StdoutLine: {'line': b'-- Installing: /home/ubuntu/ws/src/install/custom_message/lib/python3.12/site-packages/custom_message/msg/__init__.py\n'}
[6.082218] (custom_message) StdoutLine: {'line': b'-- Installing: /home/ubuntu/ws/src/install/custom_message/lib/python3.12/site-packages/custom_message/_custom_message_s.ep.rosidl_typesupport_fastrtps_c.c\n'}
[6.082257] (custom_message) StdoutLine: {'line': b'-- Installing: /home/ubuntu/ws/src/install/custom_message/lib/python3.12/site-packages/custom_message/custom_message_s__rosidl_typesupport_fastrtps_c.so\n'}
[6.082293] (custom_message) StdoutLine: {'line': b'-- Installing: /home/ubuntu/ws/src/install/custom_message/lib/python3.12/site-packages/custom_message/custom_message_s__rosidl_typesupport_introspection_c.so\n'}
[6.113747] (-) TimerEvent: {}
[6.120287] (custom_message) StdoutLine: {'line': b"Listing '/home/ubuntu/ws/src/install/custom_message/lib/python3.12/site-packages/custom_message'...\n"}
[6.120565] (custom_message) StdoutLine: {'line': b"Compiling '/home/ubuntu/ws/src/install/custom_message/lib/python3.12/site-packages/custom_message/__init__.py'...\n"}
[6.120706] (custom_message) StdoutLine: {'line': b"Listing '/home/ubuntu/ws/src/install/custom_message/lib/python3.12/site-packages/custom_message/msg'...\n"}
[6.120825] (custom_message) StdoutLine: {'line': b"Compiling '/home/ubuntu/ws/src/install/custom_message/lib/python3.12/site-packages/custom_message/msg/__init__.py'...\n"}
[6.120878] (custom_message) StdoutLine: {'line': b"Compiling '/home/ubuntu/ws/src/install/custom_message/lib/python3.12/site-packages/custom_message/msg/_distance.py'...\n"}
[6.120971] (custom_message) StdoutLine: {'line': b"Listing '/home/ubuntu/ws/src/install/custom_message/lib/python3.12/site-packages/custom_message/srv'...\n"}
[6.121064] (custom_message) StdoutLine: {'line': b"Compiling '/home/ubuntu/ws/src/install/custom_message/lib/python3.12/site-packages/custom_message/srv/__init__.py'...\n"}
[6.121178] (custom_message) StdoutLine: {'line': b"Compiling '/home/ubuntu/ws/src/install/custom_message/lib/python3.12/site-packages/custom_message/srv/_average.py'...\n"}
[6.121768] (custom_message) StdoutLine: {'line': b"Compiling '/home/ubuntu/ws/src/install/custom_message/lib/python3.12/site-packages/custom_message/srv/_fix_point.py'...\n"}
[6.121963] (custom_message) StdoutLine: {'line': b"Compiling '/home/ubuntu/ws/src/install/custom_message/lib/python3.12/site-packages/custom_message/srv/_threshold.py'...\n"}
[6.126270] (custom_message) StdoutLine: {'line': b'-- Installing: /home/ubuntu/ws/src/install/custom_message/lib/python3.12/site-packages/custom_message/custom_message_s__rosidl_typesupport_fastrtps_c.so\n'}
[6.126547] (custom_message) StdoutLine: {'line': b'-- Set non-toolchain portion of runtime path of "/home/ubuntu/ws/src/install/custom_message/lib/python3.12/site-packages/custom_message/custom_message_s__rosidl_typesupport_fastrtps_c.so" to ""\n'}
[6.126821] (custom_message) StdoutLine: {'line': b'-- Installing: /home/ubuntu/ws/src/install/custom_message/lib/python3.12/site-packages/custom_message/custom_message_s__rosidl_typesupport_introspection_c.so\n'}
[6.126997] (custom_message) StdoutLine: {'line': b'-- Set non-toolchain portion of runtime path of "/home/ubuntu/ws/src/install/custom_message/lib/python3.12/site-packages/custom_message/custom_message_s__rosidl_typesupport_introspection_c.so" to ""\n'}
[6.127159] (custom_message) StdoutLine: {'line': b'-- Installing: /home/ubuntu/ws/src/install/custom_message/lib/python3.12/site-packages/custom_message/custom_message_s__rosidl_typesupport_c.so\n'}
[6.127406] (custom_message) StdoutLine: {'line': b'-- Set non-toolchain portion of runtime path of "/home/ubuntu/ws/src/install/custom_message/lib/python3.12/site-packages/custom_message/custom_message_s__rosidl_typesupport_c.so" to ""\n'}
[6.127616] (custom_message) StdoutLine: {'line': b'-- Installing: /home/ubuntu/ws/src/install/custom_message/lib/libcustom_message__rosidl_generator_py.so\n'}
[6.127936] (custom_message) StdoutLine: {'line': b'-- Set non-toolchain portion of runtime path of "/home/ubuntu/ws/src/install/custom_message/lib/libcustom_message__rosidl_generator_py.so" to ""\n'}
[6.128137] (custom_message) StdoutLine: {'line': b'-- Installing: /home/ubuntu/ws/src/install/custom_message/share/custom_message/msg/Distance.idl\n'}
[6.128232] (custom_message) StdoutLine: {'line': b'-- Installing: /home/ubuntu/ws/src/install/custom_message/share/custom_message/srv/Threshold.idl\n'}
[6.128409] (custom_message) StdoutLine: {'line': b'-- Installing: /home/ubuntu/ws/src/install/custom_message/share/custom_message/srv/Average.idl\n'}
[6.128465] (custom_message) StdoutLine: {'line': b'-- Installing: /home/ubuntu/ws/src/install/custom_message/share/custom_message/srv/FixPoint.idl\n'}
[6.128616] (custom_message) StdoutLine: {'line': b'-- Installing: /home/ubuntu/ws/src/install/custom_message/share/custom_message/msg/Distance.msg\n'}
[6.128668] (custom_message) StdoutLine: {'line': b'-- Installing: /home/ubuntu/ws/src/install/custom_message/share/custom_message/srv/Threshold.srv\n'}
[6.128971] (custom_message) StdoutLine: {'line': b'-- Installing: /home/ubuntu/ws/src/install/custom_message/share/custom_message/srv/Average.srv\n'}
[6.129064] (custom_message) StdoutLine: {'line': b'-- Installing: /home/ubuntu/ws/src/install/custom_message/share/custom_message/srv/FixPoint.srv\n'}
[6.129364] (custom_message) StdoutLine: {'line': b'-- Installing: /home/ubuntu/ws/src/install/custom_message/share/ament_index/resource_index/package_run_dependencies/custom_message\n'}
[6.129614] (custom_message) StdoutLine: {'line': b'-- Installing: /home/ubuntu/ws/src/install/custom_message/share/ament_index/resource_index/parent_prefix_path/custom_message\n'}
[6.129757] (custom_message) StdoutLine: {'line': b'-- Installing: /home/ubuntu/ws/src/install/custom_message/share/custom_message/environment/ament_prefix_path.sh\n'}
[6.129969] (custom_message) StdoutLine: {'line': b'-- Installing: /home/ubuntu/ws/src/install/custom_message/share/custom_message/environment/ament_prefix_path.dsv\n'}
[6.130267] (custom_message) StdoutLine: {'line': b'-- Installing: /home/ubuntu/ws/src/install/custom_message/share/custom_message/environment/path.sh\n'}
[6.130379] (custom_message) StdoutLine: {'line': b'-- Installing: /home/ubuntu/ws/src/install/custom_message/share/custom_message/environment/path.dsv\n'}
[6.130576] (custom_message) StdoutLine: {'line': b'-- Installing: /home/ubuntu/ws/src/install/custom_message/share/custom_message/local_setup.bash\n'}
[6.130677] (custom_message) StdoutLine: {'line': b'-- Installing: /home/ubuntu/ws/src/install/custom_message/share/custom_message/local_setup.sh\n'}
[6.130906] (custom_message) StdoutLine: {'line': b'-- Installing: /home/ubuntu/ws/src/install/custom_message/share/custom_message/local_setup.zsh\n'}
[6.131073] (custom_message) StdoutLine: {'line': b'-- Installing: /home/ubuntu/ws/src/install/custom_message/share/custom_message/local_setup.dsv\n'}
[6.131112] (custom_message) StdoutLine: {'line': b'-- Installing: /home/ubuntu/ws/src/install/custom_message/share/custom_message/package.dsv\n'}
[6.131321] (custom_message) StdoutLine: {'line': b'-- Installing: /home/ubuntu/ws/src/install/custom_message/share/ament_index/resource_index/packages/custom_message\n'}
[6.131561] (custom_message) StdoutLine: {'line': b'-- Installing: /home/ubuntu/ws/src/install/custom_message/share/custom_message/cmake/export_custom_message__rosidl_generator_cExport.cmake\n'}
[6.131827] (custom_message) StdoutLine: {'line': b'-- Installing: /home/ubuntu/ws/src/install/custom_message/share/custom_message/cmake/export_custom_message__rosidl_generator_cExport-noconfig.cmake\n'}
[6.131994] (custom_message) StdoutLine: {'line': b'-- Installing: /home/ubuntu/ws/src/install/custom_message/share/custom_message/cmake/export_custom_message__rosidl_typesupport_fastrtps_cExport.cmake\n'}
[6.132042] (custom_message) StdoutLine: {'line': b'-- Installing: /home/ubuntu/ws/src/install/custom_message/share/custom_message/cmake/export_custom_message__rosidl_typesupport_fastrtps_cExport-noconfig.cmake\n'}
[6.132191] (custom_message) StdoutLine: {'line': b'-- Installing: /home/ubuntu/ws/src/install/custom_message/share/custom_message/cmake/custom_message__rosidl_typesupport_introspection_cExport.cmake\n'}
[6.132300] (custom_message) StdoutLine: {'line': b'-- Installing: /home/ubuntu/ws/src/install/custom_message/share/custom_message/cmake/custom_message__rosidl_typesupport_introspection_cExport-noconfig.cmake\n'}
[6.132554] (custom_message) StdoutLine: {'line': b'-- Installing: /home/ubuntu/ws/src/install/custom_message/share/custom_message/cmake/custom_message__rosidl_typesupport_cExport.cmake\n'}
[6.132797] (custom_message) StdoutLine: {'line': b'-- Installing: /home/ubuntu/ws/src/install/custom_message/share/custom_message/cmake/custom_message__rosidl_typesupport_cExport-noconfig.cmake\n'}
[6.132875] (custom_message) StdoutLine: {'line': b'-- Installing: /home/ubuntu/ws/src/install/custom_message/share/custom_message/cmake/export_custom_message__rosidl_generator_cppExport.cmake\n'}
[6.133045] (custom_message) StdoutLine: {'line': b'-- Installing: /home/ubuntu/ws/src/install/custom_message/share/custom_message/cmake/export_custom_message__rosidl_typesupport_fastrtps_cppExport.cmake\n'}
[6.133150] (custom_message) StdoutLine: {'line': b'-- Installing: /home/ubuntu/ws/src/install/custom_message/share/custom_message/cmake/export_custom_message__rosidl_typesupport_fastrtps_cppExport-noconfig.cmake\n'}
[6.133311] (custom_message) StdoutLine: {'line': b'-- Installing: /home/ubuntu/ws/src/install/custom_message/share/custom_message/cmake/custom_message__rosidl_typesupport_introspection_cppExport.cmake\n'}
[6.133522] (custom_message) StdoutLine: {'line': b'-- Installing: /home/ubuntu/ws/src/install/custom_message/share/custom_message/cmake/custom_message__rosidl_typesupport_introspection_cppExport-noconfig.cmake\n'}
[6.133751] (custom_message) StdoutLine: {'line': b'-- Installing: /home/ubuntu/ws/src/install/custom_message/share/custom_message/cmake/custom_message__rosidl_typesupport_cppExport.cmake\n'}
[6.133810] (custom_message) StdoutLine: {'line': b'-- Installing: /home/ubuntu/ws/src/install/custom_message/share/custom_message/cmake/custom_message__rosidl_typesupport_cppExport-noconfig.cmake\n'}
[6.134071] (custom_message) StdoutLine: {'line': b'-- Installing: /home/ubuntu/ws/src/install/custom_message/share/custom_message/cmake/export_custom_message__rosidl_generator_pyExport.cmake\n'}
[6.134362] (custom_message) StdoutLine: {'line': b'-- Installing: /home/ubuntu/ws/src/install/custom_message/share/custom_message/cmake/export_custom_message__rosidl_generator_pyExport-noconfig.cmake\n'}
[6.134512] (custom_message) StdoutLine: {'line': b'-- Installing: /home/ubuntu/ws/src/install/custom_message/share/custom_message/cmake/rosidl_cmake-extras.cmake\n'}
[6.134742] (custom_message) StdoutLine: {'line': b'-- Installing: /home/ubuntu/ws/src/install/custom_message/share/custom_message/cmake/ament_cmake_export_dependencies-extras.cmake\n'}
[6.134854] (custom_message) StdoutLine: {'line': b'-- Installing: /home/ubuntu/ws/src/install/custom_message/share/custom_message/cmake/ament_cmake_export_include_directories-extras.cmake\n'}
[6.134902] (custom_message) StdoutLine: {'line': b'-- Installing: /home/ubuntu/ws/src/install/custom_message/share/custom_message/cmake/ament_cmake_export_libraries-extras.cmake\n'}
[6.134949] (custom_message) StdoutLine: {'line': b'-- Installing: /home/ubuntu/ws/src/install/custom_message/share/custom_message/cmake/ament_cmake_export_targets-extras.cmake\n'}
[6.135468] (custom_message) StdoutLine: {'line': b'-- Installing: /home/ubuntu/ws/src/install/custom_message/share/custom_message/cmake/rosidl_cmake_export_typesupport_targets-extras.cmake\n'}
[6.135695] (custom_message) StdoutLine: {'line': b'-- Installing: /home/ubuntu/ws/src/install/custom_message/share/custom_message/cmake/rosidl_cmake_export_typesupport_libraries-extras.cmake\n'}
[6.135735] (custom_message) StdoutLine: {'line': b'-- Installing: /home/ubuntu/ws/src/install/custom_message/share/custom_message/cmake/custom_messageConfig.cmake\n'}
[6.135771] (custom_message) StdoutLine: {'line': b'-- Installing: /home/ubuntu/ws/src/install/custom_message/share/custom_message/cmake/custom_messageConfig-version.cmake\n'}
[6.135806] (custom_message) StdoutLine: {'line': b'-- Installing: /home/ubuntu/ws/src/install/custom_message/share/custom_message/package.xml\n'}
[6.137548] (custom_message) CommandEnded: {'returncode': 0}
[6.151309] (custom_message) JobEnded: {'identifier': 'custom_message', 'rc': 0}
[6.151709] (assignment2_rt) JobStarted: {'identifier': 'assignment2_rt'}
[6.213967] (-) TimerEvent: {}
[6.314436] (-) TimerEvent: {}
[6.414771] (-) TimerEvent: {}
[6.515125] (-) TimerEvent: {}
[6.615436] (-) TimerEvent: {}
[6.715770] (-) TimerEvent: {}
[6.816080] (-) TimerEvent: {}
[6.916414] (-) TimerEvent: {}
[6.947888] (assignment2_rt) Command: {'cmd': ['/usr/bin/python3', '-W', 'ignore:setup.py install is deprecated', '-W', 'ignore:easy_install command is deprecated', 'setup.py', 'egg_info', '--egg-base', '../build/assignment2_rt', 'build', '--build-base', '/home/ubuntu/ws/src/build/assignment2_rt/build', 'install', '--record', '/home/ubuntu/ws/src/build/assignment2_rt/install.log', '--single-version-externally-managed', 'install_data'], 'cwd': '/home/ubuntu/ws/src/assignment2_rt', 'env': {'GZ_SIM_RESOURCE_PATH': '/home/ubuntu/gazebo_models', 'GZ_CONFIG_PATH': '/opt/ros/jazzy/opt/gz_launch_vendor/share/gz:/opt/ros/jazzy/opt/gz_sim_vendor/share/gz:/opt/ros/jazzy/opt/sdformat_vendor/share/gz:/opt/ros/jazzy/opt/gz_gui_vendor/share/gz:/opt/ros/jazzy/opt/gz_transport_vendor/share/gz:/opt/ros/jazzy/opt/gz_rendering_vendor/share/gz:/opt/ros/jazzy/opt/gz_plugin_vendor/share/gz:/opt/ros/jazzy/opt/gz_fuel_tools_vendor/share/gz:/opt/ros/jazzy/opt/gz_msgs_vendor/share/gz:/opt/ros/jazzy/opt/gz_common_vendor/share/gz', 'HOSTNAME': 'docker-desktop', 'GIT_ASKPASS': '/root/.vscode-server/bin/94e8ae2b28cb5cc932b86e1070569c4463565c37/extensions/git/dist/askpass.sh', 'SHLVL': '2', 'LD_LIBRARY_PATH': '/home/ubuntu/ws/src/install/custom_message/lib:/opt/ros/jazzy/opt/gz_launch_vendor/lib:/opt/ros/jazzy/opt/gz_sim_vendor/lib:/opt/ros/jazzy/opt/gz_sensors_vendor/lib:/opt/ros/jazzy/opt/gz_physics_vendor/lib:/opt/ros/jazzy/opt/sdformat_vendor/lib:/opt/ros/jazzy/opt/rviz_ogre_vendor/lib:/opt/ros/jazzy/lib/x86_64-linux-gnu:/opt/ros/jazzy/opt/gz_gui_vendor/lib:/opt/ros/jazzy/opt/gz_transport_vendor/lib:/opt/ros/jazzy/opt/gz_rendering_vendor/lib:/opt/ros/jazzy/opt/gz_plugin_vendor/lib:/opt/ros/jazzy/opt/gz_fuel_tools_vendor/lib:/opt/ros/jazzy/opt/gz_msgs_vendor/lib:/opt/ros/jazzy/opt/gz_common_vendor/lib:/opt/ros/jazzy/opt/gz_math_vendor/lib:/opt/ros/jazzy/opt/gz_utils_vendor/lib:/opt/ros/jazzy/opt/gz_tools_vendor/lib:/opt/ros/jazzy/opt/gz_ogre_next_vendor/lib:/opt/ros/jazzy/opt/gz_dartsim_vendor/lib:/opt/ros/jazzy/opt/gz_cmake_vendor/lib:/opt/ros/jazzy/lib', 'BROWSER': '/root/.vscode-server/bin/94e8ae2b28cb5cc932b86e1070569c4463565c37/bin/helpers/browser.sh', 'HOME': '/root', 'OLDPWD': '/home/ubuntu/ws', 'TERM_PROGRAM_VERSION': '1.108.0', 'VSCODE_IPC_HOOK_CLI': '/tmp/vscode-ipc-44e8f9ff-a371-4e2d-8446-1a5594ba9099.sock', 'ROS_PYTHON_VERSION': '3', 'VSCODE_GIT_ASKPASS_MAIN': '/root/.vscode-server/bin/94e8ae2b28cb5cc932b86e1070569c4463565c37/extensions/git/dist/askpass-main.js', 'VSCODE_GIT_ASKPASS_NODE': '/root/.vscode-server/bin/94e8ae2b28cb5cc932b86e1070569c4463565c37/node', 'VSCODE_PYTHON_AUTOACTIVATE_GUARD': '1', 'COLORTERM': 'truecolor', 'REMOTE_CONTAINERS': 'true', 'ROS_DISTRO': 'jazzy', 'REMOTE_CONTAINERS_IPC': '/tmp/vscode-remote-containers-ipc-01e824b0-18fa-4b10-b8e9-9248ae707c49.sock', '_': '/usr/bin/colcon', 'ROS_VERSION': '2', 'TERM': 'xterm-256color', 'PATH': '/root/.vscode-server/data/User/globalStorage/github.copilot-chat/debugCommand:/root/.vscode-server/data/User/globalStorage/github.copilot-chat/copilotCli:/root/.vscode-server/bin/94e8ae2b28cb5cc932b86e1070569c4463565c37/bin/remote-cli:/opt/ros/jazzy/opt/gz_msgs_vendor/bin:/opt/ros/jazzy/opt/gz_tools_vendor/bin:/opt/ros/jazzy/opt/gz_ogre_next_vendor/bin:/opt/ros/jazzy/bin:/usr/local/sbin:/usr/local/bin:/usr/sbin:/usr/bin:/sbin:/bin:/snap/bin', 'REMOTE_CONTAINERS_SOCKETS': '[]', 'DISPLAY': 'host.docker.internal:0.0', 'LANG': 'C.UTF-8', 'LS_COLORS': 'rs=0:di=01;34:ln=01;36:mh=00:pi=40;33:so=01;35:do=01;35:bd=40;33;01:cd=40;33;01:or=40;31;01:mi=00:su=37;41:sg=30;43:ca=00:tw=30;42:ow=34;42:st=37;44:ex=01;32:*.tar=01;31:*.tgz=01;31:*.arc=01;31:*.arj=01;31:*.taz=01;31:*.lha=01;31:*.lz4=01;31:*.lzh=01;31:*.lzma=01;31:*.tlz=01;31:*.txz=01;31:*.tzo=01;31:*.t7z=01;31:*.zip=01;31:*.z=01;31:*.dz=01;31:*.gz=01;31:*.lrz=01;31:*.lz=01;31:*.lzo=01;31:*.xz=01;31:*.zst=01;31:*.tzst=01;31:*.bz2=01;31:*.bz=01;31:*.tbz=01;31:*.tbz2=01;31:*.tz=01;31:*.deb=01;31:*.rpm=01;31:*.jar=01;31:*.war=01;31:*.ear=01;31:*.sar=01;31:*.rar=01;31:*.alz=01;31:*.ace=01;31:*.zoo=01;31:*.cpio=01;31:*.7z=01;31:*.rz=01;31:*.cab=01;31:*.wim=01;31:*.swm=01;31:*.dwm=01;31:*.esd=01;31:*.avif=01;35:*.jpg=01;35:*.jpeg=01;35:*.mjpg=01;35:*.mjpeg=01;35:*.gif=01;35:*.bmp=01;35:*.pbm=01;35:*.pgm=01;35:*.ppm=01;35:*.tga=01;35:*.xbm=01;35:*.xpm=01;35:*.tif=01;35:*.tiff=01;35:*.png=01;35:*.svg=01;35:*.svgz=01;35:*.mng=01;35:*.pcx=01;35:*.mov=01;35:*.mpg=01;35:*.mpeg=01;35:*.m2v=01;35:*.mkv=01;35:*.webm=01;35:*.webp=01;35:*.ogm=01;35:*.mp4=01;35:*.m4v=01;35:*.mp4v=01;35:*.vob=01;35:*.qt=01;35:*.nuv=01;35:*.wmv=01;35:*.asf=01;35:*.rm=01;35:*.rmvb=01;35:*.flc=01;35:*.avi=01;35:*.fli=01;35:*.flv=01;35:*.gl=01;35:*.dl=01;35:*.xcf=01;35:*.xwd=01;35:*.yuv=01;35:*.cgm=01;35:*.emf=01;35:*.ogv=01;35:*.ogx=01;35:*.aac=00;36:*.au=00;36:*.flac=00;36:*.m4a=00;36:*.mid=00;36:*.midi=00;36:*.mka=00;36:*.mp3=00;36:*.mpc=00;36:*.ogg=00;36:*.ra=00;36:*.wav=00;36:*.oga=00;36:*.opus=00;36:*.spx=00;36:*.xspf=00;36:*~=00;90:*#=00;90:*.bak=00;90:*.crdownload=00;90:*.dpkg-dist=00;90:*.dpkg-new=00;90:*.dpkg-old=00;90:*.dpkg-tmp=00;90:*.old=00;90:*.orig=00;90:*.part=00;90:*.rej=00;90:*.rpmnew=00;90:*.rpmorig=00;90:*.rpmsave=00;90:*.swp=00;90:*.tmp=00;90:*.ucf-dist=00;90:*.ucf-new=00;90:*.ucf-old=00;90:', 'VSCODE_GIT_IPC_HANDLE': '/tmp/vscode-git-e3b1ede713.sock', 'TERM_PROGRAM': 'vscode', 'AMENT_PREFIX_PATH': '/home/ubuntu/ws/src/install/custom_message:/opt/ros/jazzy', 'SHELL': '/bin/bash', 'ROS_AUTOMATIC_DISCOVERY_RANGE': 'SUBNET', 'VSCODE_GIT_ASKPASS_EXTRA_ARGS': '', 'PWD': '/home/ubuntu/ws/src/build/assignment2_rt', 'LC_ALL': 'C.UTF-8', 'XDG_DATA_DIRS': '/usr/local/share:/usr/share:/var/lib/snapd/desktop', 'PYTHONPATH': '/home/ubuntu/ws/src/build/assignment2_rt/prefix_override:/usr/lib/python3/dist-packages/colcon_core/task/python/colcon_distutils_commands:/home/ubuntu/ws/src/install/assignment2_rt/lib/python3.12/site-packages:/home/ubuntu/ws/src/install/custom_message/lib/python3.12/site-packages:/opt/ros/jazzy/lib/python3.12/site-packages', 'COLCON': '1', 'CMAKE_PREFIX_PATH': '/home/ubuntu/ws/src/install/custom_message:/opt/ros/jazzy/opt/gz_launch_vendor:/opt/ros/jazzy/opt/gz_sim_vendor:/opt/ros/jazzy/opt/gz_sensors_vendor:/opt/ros/jazzy/opt/gz_physics_vendor:/opt/ros/jazzy/opt/sdformat_vendor:/opt/ros/jazzy/opt/gz_gui_vendor:/opt/ros/jazzy/opt/gz_transport_vendor:/opt/ros/jazzy/opt/gz_rendering_vendor:/opt/ros/jazzy/opt/gz_plugin_vendor:/opt/ros/jazzy/opt/gz_fuel_tools_vendor:/opt/ros/jazzy/opt/gz_msgs_vendor:/opt/ros/jazzy/opt/gz_common_vendor:/opt/ros/jazzy/opt/gz_math_vendor:/opt/ros/jazzy/opt/gz_utils_vendor:/opt/ros/jazzy/opt/gz_tools_vendor:/opt/ros/jazzy/opt/gz_ogre_next_vendor:/opt/ros/jazzy/opt/gz_dartsim_vendor:/opt/ros/jazzy/opt/gz_cmake_vendor'}, 'shell': False}
[7.016547] (-) TimerEvent: {}
[7.116864] (-) TimerEvent: {}
[7.117864] (assignment2_rt) StdoutLine: {'line': b'running egg_info\n'}
[7.118107] (assignment2_rt) StdoutLine: {'line': b'creating ../build/assignment2_rt/assignment2_rt.egg-info\n'}
[7.129315] (assignment2_rt) StdoutLine: {'line': b'writing ../build/assignment2_rt/assignment2_rt.egg-info/PKG-INFO\n'}
[7.129700] (assignment2_rt) StdoutLine: {'line': b'writing dependency_links to ../build/assignment2_rt/assignment2_rt.egg-info/dependency_links.txt\n'}
[7.129937] (assignment2_rt) StdoutLine: {'line': b'writing entry points to ../build/assignment2_rt/assignment2_rt.egg-info/entry_points.txt\n'}
[7.130155] (assignment2_rt) StdoutLine: {'line': b'writing requirements to ../build/assignment2_rt/assignment2_rt.egg-info/requires.txt\n'}
[7.130424] (assignment2_rt) StdoutLine: {'line': b'writing top-level names to ../build/assignment2_rt/assignment2_rt.egg-info/top_level.txt\n'}
[7.130651] (assignment2_rt) StdoutLine: {'line': b"writing manifest file '../build/assignment2_rt/assignment2_rt.egg-info/SOURCES.txt'\n"}
[7.152636] (assignment2_rt) StdoutLine: {'line': b"reading manifest file '../build/assignment2_rt/assignment2_rt.egg-info/SOURCES.txt'\n"}
[7.153013] (assignment2_rt) StdoutLine: {'line': b"writing manifest file '../build/assignment2_rt/assignment2_rt.egg-info/SOURCES.txt'\n"}
[7.153256] (assignment2_rt) StdoutLine: {'line': b'running build\n'}
[7.153525] (assignment2_rt) StdoutLine: {'line': b'running build_py\n'}
[7.153653] (assignment2_rt) StdoutLine: {'line': b'creating /home/ubuntu/ws/src/build/assignment2_rt/build\n'}
[7.153985] (assignment2_rt) StdoutLine: {'line': b'creating /home/ubuntu/ws/src/build/assignment2_rt/build/lib\n'}
[7.154043] (assignment2_rt) StdoutLine: {'line': b'creating /home/ubuntu/ws/src/build/assignment2_rt/build/lib/assignment2_rt\n'}
[7.154082] (assignment2_rt) StdoutLine: {'line': b'copying assignment2_rt/move_robot.py -> /home/ubuntu/ws/src/build/assignment2_rt/build/lib/assignment2_rt\n'}
[7.154417] (assignment2_rt) StdoutLine: {'line': b'copying assignment2_rt/average_server.py -> /home/ubuntu/ws/src/build/assignment2_rt/build/lib/assignment2_rt\n'}
[7.154998] (assignment2_rt) StdoutLine: {'line': b'copying assignment2_rt/control.py -> /home/ubuntu/ws/src/build/assignment2_rt/build/lib/assignment2_rt\n'}
[7.155416] (assignment2_rt) StdoutLine: {'line': b'copying assignment2_rt/__init__.py -> /home/ubuntu/ws/src/build/assignment2_rt/build/lib/assignment2_rt\n'}
[7.155790] (assignment2_rt) StdoutLine: {'line': b'copying assignment2_rt/fixpoint_server.py -> /home/ubuntu/ws/src/build/assignment2_rt/build/lib/assignment2_rt\n'}
[7.155944] (assignment2_rt) StdoutLine: {'line': b'copying assignment2_rt/threshold_service.py -> /home/ubuntu/ws/src/build/assignment2_rt/build/lib/assignment2_rt\n'}
[7.156411] (assignment2_rt) StdoutLine: {'line': b'running install\n'}
[7.160597] (assignment2_rt) StdoutLine: {'line': b'running install_lib\n'}
[7.170938] (assignment2_rt) StdoutLine: {'line': b'creating /home/ubuntu/ws/src/install/assignment2_rt/lib/python3.12/site-packages/assignment2_rt\n'}
[7.171305] (assignment2_rt) StdoutLine: {'line': b'copying /home/ubuntu/ws/src/build/assignment2_rt/build/lib/assignment2_rt/move_robot.py -> /home/ubuntu/ws/src/install/assignment2_rt/lib/python3.12/site-packages/assignment2_rt\n'}
[7.171661] (assignment2_rt) StdoutLine: {'line': b'copying /home/ubuntu/ws/src/build/assignment2_rt/build/lib/assignment2_rt/average_server.py -> /home/ubuntu/ws/src/install/assignment2_rt/lib/python3.12/site-packages/assignment2_rt\n'}
[7.171988] (assignment2_rt) StdoutLine: {'line': b'copying /home/ubuntu/ws/src/build/assignment2_rt/build/lib/assignment2_rt/control.py -> /home/ubuntu/ws/src/install/assignment2_rt/lib/python3.12/site-packages/assignment2_rt\n'}
[7.172094] (assignment2_rt) StdoutLine: {'line': b'copying /home/ubuntu/ws/src/build/assignment2_rt/build/lib/assignment2_rt/__init__.py -> /home/ubuntu/ws/src/install/assignment2_rt/lib/python3.12/site-packages/assignment2_rt\n'}
[7.172208] (assignment2_rt) StdoutLine: {'line': b'copying /home/ubuntu/ws/src/build/assignment2_rt/build/lib/assignment2_rt/fixpoint_server.py -> /home/ubuntu/ws/src/install/assignment2_rt/lib/python3.12/site-packages/assignment2_rt\n'}
[7.172386] (assignment2_rt) StdoutLine: {'line': b'copying /home/ubuntu/ws/src/build/assignment2_rt/build/lib/assignment2_rt/threshold_service.py -> /home/ubuntu/ws/src/install/assignment2_rt/lib/python3.12/site-packages/assignment2_rt\n'}
[7.172856] (assignment2_rt) StdoutLine: {'line': b'byte-compiling /home/ubuntu/ws/src/install/assignment2_rt/lib/python3.12/site-packages/assignment2_rt/move_robot.py to move_robot.cpython-312.pyc\n'}
[7.173522] (assignment2_rt) StdoutLine: {'line': b'byte-compiling /home/ubuntu/ws/src/install/assignment2_rt/lib/python3.12/site-packages/assignment2_rt/average_server.py to average_server.cpython-312.pyc\n'}
[7.173973] (assignment2_rt) StdoutLine: {'line': b'byte-compiling /home/ubuntu/ws/src/install/assignment2_rt/lib/python3.12/site-packages/assignment2_rt/control.py to control.cpython-312.pyc\n'}
[7.174930] (assignment2_rt) StdoutLine: {'line': b'byte-compiling /home/ubuntu/ws/src/install/assignment2_rt/lib/python3.12/site-packages/assignment2_rt/__init__.py to __init__.cpython-312.pyc\n'}
[7.175083] (assignment2_rt) StdoutLine: {'line': b'byte-compiling /home/ubuntu/ws/src/install/assignment2_rt/lib/python3.12/site-packages/assignment2_rt/fixpoint_server.py to fixpoint_server.cpython-312.pyc\n'}
[7.175389] (assignment2_rt) StdoutLine: {'line': b'byte-compiling /home/ubuntu/ws/src/install/assignment2_rt/lib/python3.12/site-packages/assignment2_rt/threshold_service.py to threshold_service.cpython-312.pyc\n'}
[7.175733] (assignment2_rt) StdoutLine: {'line': b'running install_data\n'}
[7.175877] (assignment2_rt) StdoutLine: {'line': b'creating /home/ubuntu/ws/src/install/assignment2_rt/share/ament_index\n'}
[7.176028] (assignment2_rt) StdoutLine: {'line': b'creating /home/ubuntu/ws/src/install/assignment2_rt/share/ament_index/resource_index\n'}
[7.176159] (assignment2_rt) StdoutLine: {'line': b'creating /home/ubuntu/ws/src/install/assignment2_rt/share/ament_index/resource_index/packages\n'}
[7.176262] (assignment2_rt) StdoutLine: {'line': b'copying resource/assignment2_rt -> /home/ubuntu/ws/src/install/assignment2_rt/share/ament_index/resource_index/packages\n'}
[7.176435] (assignment2_rt) StdoutLine: {'line': b'copying package.xml -> /home/ubuntu/ws/src/install/assignment2_rt/share/assignment2_rt\n'}
[7.176597] (assignment2_rt) StdoutLine: {'line': b'creating /home/ubuntu/ws/src/install/assignment2_rt/share/assignment2_rt/launch\n'}
[7.176745] (assignment2_rt) StdoutLine: {'line': b'copying launch/launch.py -> /home/ubuntu/ws/src/install/assignment2_rt/share/assignment2_rt/launch\n'}
[7.177864] (assignment2_rt) StdoutLine: {'line': b'running install_egg_info\n'}
[7.190909] (assignment2_rt) StdoutLine: {'line': b'Copying ../build/assignment2_rt/assignment2_rt.egg-info to /home/ubuntu/ws/src/install/assignment2_rt/lib/python3.12/site-packages/assignment2_rt-0.0.0-py3.12.egg-info\n'}
[7.191867] (assignment2_rt) StdoutLine: {'line': b'running install_scripts\n'}
[7.216980] (-) TimerEvent: {}
[7.272880] (assignment2_rt) StdoutLine: {'line': b'Installing average_server script to /home/ubuntu/ws/src/install/assignment2_rt/lib/assignment2_rt\n'}
[7.273230] (assignment2_rt) StdoutLine: {'line': b'Installing control script to /home/ubuntu/ws/src/install/assignment2_rt/lib/assignment2_rt\n'}
[7.273459] (assignment2_rt) StdoutLine: {'line': b'Installing fixpoint_server script to /home/ubuntu/ws/src/install/assignment2_rt/lib/assignment2_rt\n'}
[7.273579] (assignment2_rt) StdoutLine: {'line': b'Installing move_robot script to /home/ubuntu/ws/src/install/assignment2_rt/lib/assignment2_rt\n'}
[7.273628] (assignment2_rt) StdoutLine: {'line': b'Installing threshold_service script to /home/ubuntu/ws/src/install/assignment2_rt/lib/assignment2_rt\n'}
[7.273910] (assignment2_rt) StdoutLine: {'line': b"writing list of installed files to '/home/ubuntu/ws/src/build/assignment2_rt/install.log'\n"}
[7.295985] (assignment2_rt) CommandEnded: {'returncode': 0}
[7.301325] (assignment2_rt) JobEnded: {'identifier': 'assignment2_rt', 'rc': 0}
[7.302338] (-) EventReactorShutdown: {}
